bsi,ndvi
-0.16016,0.54966
-0.21722,0.64261
0.0038,0.26405
-0.16851,0.56408
-0.12681,0.49263
-0.24072,0.61646
-0.3042,0.66086
-0.10783,0.5025
-0.25795,0.61954
0.01605,0.32264
-0.14827,0.54836
0.02934,0.16957
0.02583,0.13254
-0.16357,0.57316
-0.18086,0.6017
0.10921,0.08602
-0.06499,0.37622
-0.32959,0.69152
-0.14175,0.55536
0.002,0.26819
-0.14579,0.54421
0.1707,0.21034
0.10242,0.11339
-0.34767,0.64127
0.01747,0.31009
-0.24852,0.57813
0.13312,0.0775
-0.20494,0.57577
-0.07213,0.39259
-0.33489,0.67781
-0.18216,0.56037
-0.24931,0.65446
-0.20097,0.52033
-0.20344,0.59943
-0.24284,0.55291
0.01662,0.07457
0.11251,0.0946
-0.06298,0.36503
0.04176,0.30176
-0.27266,0.62694
-0.37186,0.646
-0.33914,0.68023
-0.0081,0.25839
-0.27203,0.63473
0.05947,0.03529
-0.1959,0.49327
0.04467,0.04937
-0.26001,0.62053
-0.18036,0.56791
-0.26772,0.65614
0.05246,0.15508
-0.24089,0.62324
-0.25235,0.64229
-0.31172,0.69
-0.18618,0.56861
-0.20784,0.56655
-0.29931,0.68002
-0.11367,0.42803
0.13108,0.026
0.0795,0.10015
-0.30735,0.67424
-0.2156,0.61764
-0.14094,0.46215
-0.14817,0.56707
0.09878,0.0902
-0.16847,0.54057
-0.23136,0.62254
-0.13644,0.52007
-0.09545,0.51824
-0.09049,0.18671
-0.2243,0.59799
-0.21303,0.59883
-0.28493,0.65368
-0.02058,0.0438
-0.18142,0.59722
-0.27157,0.58677
-0.18254,0.5882
-0.00326,0.25966
0.00211,0.34825
-0.03939,0.51747
-0.27387,0.58541
-0.04126,0.33247
-0.29209,0.63155
-0.20626,0.61564
-0.17484,0.55242
-0.15054,0.53313
-0.26886,0.64595
-0.29994,0.67736
-0.20841,0.60418
-0.03676,0.42798
-0.07827,0.43569
-0.30172,0.61843
-0.16266,0.53933
-0.28352,0.66264
-0.32774,0.68289
-0.16887,0.52333
-0.23428,0.60157
-0.12875,0.49752
-0.18991,0.62158
-0.2641,0.64856
-0.20853,0.55068
-0.28947,0.6171
-0.32705,0.67642
-0.22167,0.58456
0.10401,0.29427
0.05876,0.21906
-0.0671,0.39502
-0.21891,0.60033
-0.09292,0.42688
-0.22741,0.59592
-0.24036,0.63517
-0.31232,0.61812
-0.32135,0.68307
-0.16019,0.56014
-0.1551,0.50578
-0.0234,0.24085
-0.24268,0.59106
-0.10965,0.50072
-0.17422,0.51328
-0.20977,0.61087
-0.1066,0.54883
-0.1708,0.59988
-0.23696,0.62331
-0.32696,0.68098
-0.18584,0.55958
-0.26548,0.59696
-0.28684,0.6171
-0.17826,0.56203
-0.091,0.45311
-0.18301,0.55312
-0.33516,0.66714
-0.24099,0.63879
0.0297,0.21544
-0.22714,0.59822
-0.0684,0.38011
-0.18013,0.57699
-0.01597,0.20499
-0.15142,0.51595
-0.32731,0.68959
-0.09777,0.51005
-0.19474,0.56743
-0.28461,0.66023
-0.21851,0.6165
-0.24716,0.65286
-0.02231,0.27867
0.00918,0.03063
-0.20957,0.57971
-0.27236,0.64907
-0.17377,0.57208
-0.13303,0.50667
-0.01651,0.39603
-0.20155,0.57138
-0.13518,0.45021
0.11236,0.08523
-0.33394,0.67748
-0.17325,0.56517
-0.106,0.46046
-0.28809,0.63728
-0.26873,0.66927
-0.26996,0.65436
0.09285,0.09322
-0.02884,0.31746
-0.19019,0.59884
-0.18818,0.59553
-0.23146,0.56029
-0.01481,0.34187
-0.28536,0.60878
-0.10392,0.44573
0.01795,0.21063
-0.01645,0.16109
-0.19658,0.62655
-0.13034,0.57174
-0.39244,0.64091
0.01743,0.09212
-0.11658,0.48288
-0.1176,0.52995
-0.30023,0.63665
0.02084,0.42185
-0.21997,0.59927
-0.12151,0.46031
-0.19514,0.56477
-0.19949,0.58219
-0.27543,0.6592
-0.10108,0.47657
-0.16535,0.55767
-0.26823,0.64407
-0.16282,0.54056
0.09455,0.18407
-0.21036,0.62
0.0614,0.16655
-0.4115,0.6555
-0.11777,0.48122
-0.28036,0.61716
0.00576,0.35082
-0.20735,0.58741
-0.32676,0.69083
0.05444,0.11125
-0.28237,0.56495
-0.30363,0.67734
-0.21573,0.58312
-0.31526,0.65797
-0.22504,0.59202
0.03893,0.04129
-0.30754,0.68808
-0.18167,0.55768
-0.32277,0.7
-0.05283,0.51107
-0.29285,0.60593
0.07128,0.20161
-0.1726,0.55623
-0.07235,0.37515
0.07482,0.11381
-0.20032,0.59792
-0.25725,0.62309
-0.08998,0.48016
-0.31146,0.66278
-0.1202,0.49209
-0.17613,0.48249
0.05963,0.11639
0.00266,0.26194
-0.16002,0.55022
-0.17448,0.54363
-0.16824,0.52785
0.08915,0.07767
-0.16578,0.51455
-0.09434,0.44469
-0.11865,0.47367
0.05403,0.15663
0.08223,0.05363
-0.31771,0.63636
-0.00037,0.26287
-0.2177,0.60165
0.01454,0.19434
-0.28257,0.60857
-0.02925,0.28616
-0.20961,0.59279
-0.22479,0.57396
0.06002,0.15723
-0.29986,0.67029
-0.19678,0.53576
-0.18088,0.56311
-0.07276,0.36907
0.00897,0.33344
-0.393,0.63657
-0.26874,0.65315
-0.11781,0.50954
-0.10612,0.48959
-0.09784,0.43598
0.0619,0.10175
-0.20297,0.56446
-0.3568,0.65456
0.05381,0.19292
-0.22989,0.61992
0.044,0.13903
-0.17396,0.54176
-0.22996,0.576
-0.18976,0.56968
-0.2416,0.63831
-0.3035,0.68152
-0.23065,0.6342
-0.2208,0.59867
-0.27599,0.639
-0.22375,0.61851
-0.11786,0.50845
-0.17723,0.55385
-0.07438,0.4201
-0.18436,0.57561
-0.01534,0.37665
-0.21213,0.61276
-0.15086,0.52639
0.05239,0.19532
-0.18438,0.55045
-0.31415,0.67338
-0.26879,0.64053
-0.25183,0.59802
0.07445,0.1395
-0.28441,0.59199
-0.19283,0.60385
-0.38282,0.6534
-0.05242,0.39706
-0.28267,0.63916
-0.11383,0.47279
-0.08319,0.47572
-0.27091,0.60386
-0.10719,0.48968
-0.2446,0.64858
-0.22307,0.62453
0.00985,0.20576
0.02468,0.22359
-0.19637,0.59774
-0.15805,0.53236
-0.01445,0.33042
-0.20246,0.56777
-0.26624,0.65158
-0.29355,0.68397
-0.18452,0.55955
-0.16595,0.58485
-0.33739,0.70059
-0.28039,0.65794
-0.22021,0.58132
-0.22748,0.55967
-0.22286,0.59582
-0.24987,0.62578
-0.24808,0.62722
0.03888,0.17537
0.04827,0.19061
-0.25803,0.6157
-0.02097,0.28889
-0.14852,0.54229
-0.12723,0.54186
-0.12357,0.55061
0.07316,0.23461
-0.04197,0.42171
-0.21674,0.62382
-0.23768,0.5634
-0.32104,0.65849
0.02938,0.19416
-0.18205,0.49625
-0.27805,0.60039
-0.04245,0.40131
-0.22821,0.60684
-0.2574,0.63114
-0.03015,0.4294
-0.06334,0.44216
-0.23552,0.62332
-0.23398,0.63587
-0.07548,0.41829
-0.30499,0.6755
-0.12908,0.53931
-0.10386,0.45273
-0.31592,0.68783
-0.18173,0.58047
-0.11862,0.54896
-0.1019,0.44627
-0.18249,0.56446
-0.08501,0.50111
-0.27592,0.64926
-0.07548,0.36244
-0.33799,0.70119
-0.17177,0.54881
-0.20803,0.56345
-0.34855,0.70767
-0.29898,0.5957
-0.09047,0.38741
-0.17872,0.57082
-0.03914,0.32243
0.136,0.11904
-0.13065,0.5575
-0.17911,0.54275
-0.20258,0.59085
-0.17381,0.58881
-0.23433,0.56413
-0.28008,0.64484
-0.03241,0.33703
-0.04641,0.36723
-0.2597,0.61738
-0.28278,0.6342
-0.22504,0.62816
-0.14947,0.50148
-0.25517,0.58248
-0.0356,-0.00636
-0.16372,0.55562
-0.26651,0.59264
-0.27329,0.62957
-0.31572,0.67843
-0.08915,0.43884
-0.38126,0.62586
-0.29039,0.62397
0.03626,0.1831
-0.26315,0.60645
-0.24941,0.61905
-0.22369,0.59155
-0.26511,0.60954
-0.22404,0.6295
-0.23973,0.60356
-0.02483,0.33362
0.04617,0.12392
0.10712,0.09452
-0.01802,0.37827
-0.25327,0.60809
0.02027,0.34102
-0.27783,0.65528
-0.18216,0.54588
-0.13161,0.47395
-0.16705,0.53744
-0.27657,0.58331
-0.24216,0.63931
-0.16965,0.55163
-0.25884,0.65297
-0.27734,0.60191
0.04125,0.19016
0.02941,0.06426
-0.26415,0.64217
-0.0739,0.30417
-0.02812,0.36889
-0.1643,0.49673
-0.23064,0.61882
-0.33704,0.66706
-0.23565,0.60295
0.02075,0.21928
0.03674,0.14357
-0.17894,0.49548
-0.29936,0.61092
-0.15958,0.53797
0.04115,0.08594
-0.03699,0.34464
-0.29091,0.61909
-0.2734,0.649
-0.11693,0.56264
-0.10514,0.42517
-0.30024,0.59758
-0.26937,0.64057
-0.16863,0.57464
-0.30146,0.64237
0.04256,0.30764
-0.29652,0.65833
-0.30197,0.65449
-0.0247,0.38523
-0.1824,0.60856
0.02809,0.22163
-0.2106,0.57438
-0.28141,0.64703
-0.27467,0.57299
-0.23205,0.62456
0.01751,0.36396
-0.29702,0.64419
-0.26402,0.63905
-0.00765,0.27752
-0.29183,0.60963
-0.27903,0.58893
-0.24093,0.60585
-0.23548,0.60689
-0.20761,0.54153
-0.24895,0.60707
-0.02864,0.29839
-0.14569,0.45732
-0.10291,0.52044
-0.2818,0.66953
0.0993,0.0939
-0.19426,0.61096
-0.22294,0.60346
-0.19365,0.50364
-0.10812,0.41201
-0.24243,0.5503
-0.17492,0.52877
0.01758,0.23472
0.05261,0.15622
-0.02503,0.30236
0.03301,0.23607
-0.12234,0.46435
-0.30331,0.62625
-0.02236,0.32203
0.07395,0.09682
0.12155,0.10979
-0.30973,0.61189
-0.393,0.64911
0.10416,0.03033
-0.15053,0.56263
-0.2254,0.61143
-0.29198,0.64041
-0.18227,0.58969
0.1393,0.14126
-0.27135,0.60006
-0.30239,0.66182
-0.28886,0.64104
-0.2507,0.62351
-0.24362,0.64373
-0.23211,0.61113
-0.23218,0.58974
-0.20116,0.55524
0.07632,0.16226
-0.12534,0.55489
0.03184,0.31256
-0.17844,0.53046
-0.28009,0.65356
0.09129,0.12154
-0.09426,0.39993
0.04119,0.20678
0.11617,0.11131
-0.2127,0.59444
-0.08298,0.47219
-0.3049,0.67713
0.01089,0.17782
-0.21358,0.50488
-0.09444,0.43428
-0.21135,0.56973
-0.2033,0.59158
0.02223,0.06581
-0.28941,0.60025
-0.10916,0.5189
0.03318,0.15838
-0.19035,0.58243
-0.1699,0.5295
-0.22007,0.5933
-0.18816,0.58259
-0.2432,0.57475
0.07874,0.15329
-0.09665,0.48518
-0.28822,0.66873
-0.19653,0.59832
-0.21383,0.60943
-0.26399,0.62942
-0.23034,0.60777
-0.19128,0.5731
0.01954,0.23624
-0.16185,0.54209
-0.18885,0.5162
-0.22978,0.5992
0.08403,0.18422
0.10124,0.15323
-0.26215,0.61967
-0.25702,0.62376
-0.24881,0.62912
-0.31492,0.68278
-0.22512,0.61257
-0.25127,0.62858
-0.127,0.44326
-0.17473,0.5411
-0.28974,0.6551
0.0911,0.11851
-0.23738,0.61586
0.05573,0.15834
-0.22776,0.53831
0.08741,0.13643
-0.22739,0.61881
-0.09498,0.45221
-0.04201,0.43169
-0.27361,0.59245
-0.18833,0.59651
-0.03363,0.29501
-0.18419,0.60138
-0.04309,0.31038
-0.32271,0.64387
-0.22146,0.60101
-0.15281,0.48284
-0.17886,0.56353
-0.18736,0.59668
-0.23367,0.61262
-0.1272,0.46582
-0.32349,0.6225
-0.06777,0.31855
-0.10716,0.44041
-0.2729,0.61868
-0.17352,0.56406
-0.2429,0.63415
-0.07064,0.36039
-0.2118,0.60429
-0.01088,0.22412
-0.21034,0.61428
-0.28724,0.6514
-0.17285,0.50771
-0.27532,0.63095
-0.01555,0.43812
0.0514,0.21741
-0.32131,0.67219
-0.07286,0.41012
0.08863,0.04337
-0.2365,0.61197
-0.22812,0.60481
-0.25422,0.5875
-0.019,0.35537
0.03802,0.19743
-0.25871,0.63773
-0.24482,0.54022
-0.2048,0.61479
-0.27469,0.55552
-0.22017,0.57421
0.01056,0.31873
-0.11444,0.50726
0.0514,0.27664
-0.27552,0.61238
-0.19174,0.56376
-0.32529,0.68211
-0.01708,0.39093
-0.23007,0.58071
-0.13013,0.53387
-0.28801,0.66557
0.08257,0.12196
-0.16212,0.54072
-0.22567,0.61389
-0.00266,0.28263
-0.19422,0.58344
0.01084,0.22235
0.09921,0.12244
-0.08081,0.38071
-0.15066,0.55205
-0.09712,0.39324
-0.27416,0.60224
-0.22517,0.60927
-0.13768,0.49491
-0.17466,0.60354
-0.22416,0.61591
-0.01989,0.43535
0.06956,0.11439
-0.19002,0.56618
-0.09246,0.44751
-0.21133,0.54129
-0.191,0.58932
-0.13156,0.51782
-0.26083,0.58378
0.00502,0.28678
-0.26361,0.6218
-0.10488,0.50245
-0.23827,0.61713
-0.07521,0.44832
-0.11331,0.46318
0.02915,0.31714
-0.16325,0.55389
-0.1792,0.5401
-0.24831,0.61958
0.06435,0.15826
-0.23257,0.55949
-0.26487,0.65904
-0.13918,0.45118
-0.25561,0.60187
-0.25302,0.63348
-0.1044,0.46044
-0.00431,0.28276
0.14203,0.11408
-0.09951,0.46094
-0.33116,0.60817
-0.2883,0.66769
-0.09662,0.47938
0.08603,0.12817
-0.07369,0.44991
0.06108,0.07377
-0.33529,0.68075
-0.0424,0.45153
-0.26139,0.63381
0.01204,0.24103
-0.02925,0.23772
0.04289,0.12185
-0.2396,0.61795
-0.20783,0.5895
-0.13828,0.48175
-0.24276,0.62727
0.0359,0.18763
-0.05813,0.40236
-0.00899,-0.00358
-0.37898,0.62538
-0.22361,0.57071
-0.24552,0.60457
-0.31105,0.67673
-0.25928,0.60555
-0.17828,0.6053
-0.06915,0.42583
-0.1859,0.56891
-0.20946,0.54209
0.0124,0.36755
-0.24647,0.56646
0.02547,0.22579
-0.15352,0.51503
-0.14734,0.49916
0.09896,0.12529
-0.24477,0.62024
0.03936,0.12436
-0.13868,0.49962
-0.1216,0.51088
-0.24049,0.55994
-0.17309,0.53431
0.0295,0.1026
-0.01384,0.24215
0.01453,0.34293
-0.22759,0.62092
-0.0338,0.37926
-0.29592,0.60425
0.08789,0.26201
-0.02325,0.37761
-0.28367,0.63677
-0.12666,0.5277
0.004,0.27065
-0.194,0.56776
-0.32684,0.68993
-0.1239,0.49189
-0.19506,0.58085
-0.30715,0.6642
-0.18239,0.56117
-0.19726,0.59087
0.05128,0.06029
-0.16829,0.55103
-0.19368,0.58459
-0.25042,0.63805
-0.02511,0.33333
-0.27,0.62964
0.07385,0.16824
0.02264,0.22675
-0.35498,0.64506
-0.20089,0.58454
-0.23764,0.62581
-0.32024,0.67195
-0.09051,0.4171
-0.16968,0.55902
-0.14096,0.56136
-0.22595,0.5702
-0.06641,0.38324
-0.23294,0.54909
-0.11737,0.50542
-0.21188,0.52953
-0.01552,0.32711
0.0577,0.0804
0.01454,0.26491
-0.13954,0.52958
-0.23278,0.58107
-0.06657,0.40312
-0.32053,0.63477
-0.3117,0.59911
0.10094,0.10078
-0.06938,0.4186
-0.28899,0.64837
-0.21316,0.61182
-0.15738,0.54336
0.00352,0.20175
-0.28976,0.60084
0.00695,0.23395
-0.20645,0.57484
-0.30295,0.66399
-0.2769,0.64643
-0.3215,0.68235
-0.25013,0.60241
0.02701,0.11916
-0.15676,0.54194
0.09365,0.09953
-0.25095,0.64658
0.11113,0.10975
0.04758,0.15769
-0.04393,0.30522
-0.10155,0.39066
-0.01535,0.3558
-0.22597,0.6385
0.0377,0.25475
0.07639,0.07746
-0.17647,0.55291
0.01186,0.38625
-0.10751,0.47274
-0.19027,0.51521
-0.01612,0.28585
-0.22684,0.63006
-0.19859,0.60765
0.07022,0.06336
-0.07084,0.37468
-0.23562,0.62773
0.03341,0.10543
-0.26152,0.64801
0.02,0.17151
-0.17902,0.52428
-0.2596,0.59596
-0.27207,0.57098
-0.30643,0.64586
-0.13893,0.49946
-0.27123,0.65146
-0.17989,0.55389
-0.23954,0.6235
-0.24657,0.63689
-0.31445,0.66287
-0.26813,0.58788
-0.22693,0.56469
-0.08215,0.48478
-0.24,0.56765
-0.0745,0.45159
0.02784,0.12557
-0.1727,0.58356
-0.16843,0.58747
-0.0818,0.45248
-0.25167,0.63921
-0.13352,0.54054
-0.05038,0.42228
-0.22209,0.63778
-0.18937,0.57847
-0.25482,0.61933
-0.07221,0.43979
-0.17583,0.5633
-0.15784,0.55875
-0.18756,0.57336
-0.27209,0.64212
0.01268,0.28036
-0.25443,0.63277
-0.23955,0.60399
-0.01894,0.25994
-0.27713,0.65143
-0.12198,0.55502
-0.2034,0.59289
-0.15288,0.55307
-0.31592,0.63373
0.06529,0.18232
0.09316,0.07191
-0.24094,0.6053
-0.25881,0.60579
-0.2156,0.54712
-0.288,0.62391
-0.25275,0.60841
0.06585,0.17946
-0.22252,0.56655
-0.26685,0.60702
-0.13126,0.48871
-0.02743,0.32454
0.0015,0.24459
-0.15754,0.55048
-0.13883,0.47334
-0.11911,0.51589
-0.02357,0.25103
-0.22779,0.59692
-0.23887,0.6354
-0.11335,0.42263
-0.14411,0.54055
-0.19095,0.59594
-0.25756,0.64042
-0.22265,0.61154
-0.09578,0.38512
-0.23159,0.61269
-0.28702,0.66646
-0.1314,0.52628
-0.18089,0.60548
-0.28778,0.64998
-0.13952,0.50538
-0.2772,0.65672
-0.16667,0.51127
-0.19617,0.60244
-0.31176,0.60996
-0.06562,0.44099
-0.20333,0.5908
-0.3179,0.68078
0.04026,0.17684
-0.18136,0.56693
0.08855,0.1046
-0.22132,0.59155
0.01292,0.14884
-0.23961,0.57355
-0.0799,0.43609
-0.13137,0.55193
-0.13281,0.51499
-0.20487,0.54567
-0.00542,0.26051
-0.22511,0.61505
0.04107,0.15921
-0.12825,0.51402
-0.27317,0.65136
-0.21389,0.54993
0.0,0.2681
-0.23344,0.61066
-0.2099,0.60347
-0.13506,0.42761
-0.28328,0.6757
0.04779,0.13939
-0.22099,0.61044
-0.22703,0.60598
-0.09727,0.38073
-0.31925,0.66906
-0.30935,0.62381
-0.21911,0.6172
-0.17389,0.58654
-0.13669,0.5653
-0.16245,0.53125
-0.1284,0.51818
0.03581,0.15417
-0.1409,0.49235
-0.23643,0.64191
-0.11123,0.49455
-0.20612,0.55484
-0.15335,0.51917
-0.38486,0.63758
-0.29389,0.67235
-0.3235,0.68135
-0.2873,0.65429
-0.04649,0.30213
-0.33424,0.69212
-0.24607,0.61602
-0.31041,0.61382
-0.21956,0.59847
-0.21986,0.55029
-0.23875,0.5626
0.03437,0.19657
-0.01552,0.36096
-0.31228,0.62094
-0.16044,0.55273
-0.2069,0.64454
0.02214,0.19264
-0.10348,0.47726
-0.16683,0.51735
-0.2524,0.65097
-0.06964,0.4102
-0.21174,0.5734
-0.23251,0.61624
0.00516,0.21748
-0.06031,0.44314
-0.24812,0.63085
-0.24708,0.56205
-0.25149,0.63285
-0.11615,0.41569
-0.26097,0.63419
-0.26077,0.60252
-0.16721,0.48456
-0.26093,0.6275
-0.15678,0.47836
-0.1092,0.51327
-0.19057,0.53752
0.03472,0.06635
0.1173,0.10485
-0.1688,0.55182
-0.22449,0.641
-0.26505,0.59516
-0.18307,0.53901
-0.07622,0.4061
-0.1934,0.56979
-0.20172,0.58699
0.09781,0.19698
-0.31583,0.61287
-0.3137,0.58934
0.08858,0.15605
-0.17676,0.55152
-0.17043,0.54673
-0.20923,0.58862
-0.2969,0.60012
-0.04761,0.33411
-0.23649,0.56158
-0.17988,0.57606
-0.19239,0.59728
-0.11294,0.46962
-0.15935,0.47773
0.03555,0.22731
0.02263,0.24229
-0.1624,0.48986
0.11478,0.09212
-0.14215,0.53609
-0.23006,0.6156
-0.30074,0.61269
-0.21877,0.55449
-0.04779,0.33305
-0.00881,0.21832
-0.16904,0.55616
-0.12899,0.51128
0.07181,0.04743
-0.19317,0.57797
-0.20125,0.56503
-0.15719,0.5545
-0.30014,0.67779
-0.17587,0.59861
-0.32018,0.65433
-0.13684,0.5299
-0.00296,0.29908
-0.07032,0.35497
-0.08,0.47258
-0.37704,0.63801
-0.04396,0.33207
-0.04132,0.11036
-0.00879,0.22306
-0.12999,0.46892
-0.2221,0.60554
-0.23431,0.53614
-0.14835,0.50008
-0.20679,0.58713
-0.00261,0.2964
-0.26317,0.64053
-0.23292,0.59918
0.01543,0.2673
-0.22504,0.58044
-0.02988,0.34127
-0.00959,0.18178
-0.20447,0.59517
-0.18437,0.57726
-0.18138,0.52977
-0.12133,0.45783
-0.13443,0.53498
-0.35211,0.70182
-0.22755,0.59567
0.04547,0.18199
-0.05228,0.28252
-0.23587,0.61878
0.09352,0.09549
0.06624,-0.00492
-0.31819,0.68532
-0.21115,0.53523
-0.2503,0.64826
-0.25979,0.58059
-0.12455,0.46322
-0.27733,0.58096
-0.13847,0.53752
-0.18959,0.53757
-0.23116,0.5789
-0.02714,0.33036
0.05656,0.3519
-0.0546,0.41285
-0.25312,0.62828
-0.19231,0.58706
0.09305,0.11154
-0.24868,0.59706
-0.05059,0.3433
-0.27665,0.62938
-0.19996,0.57729
-0.12944,0.50486
-0.2554,0.62759
-0.1786,0.54909
-0.10832,0.50611
-0.26612,0.64858
0.1196,0.12424
-0.27359,0.66038
0.01613,0.37606
-0.12077,0.49156
-0.11816,0.55516
0.08471,0.12984
-0.18165,0.5649
0.04866,0.12692
-0.17608,0.55641
-0.28024,0.63733
-0.03466,0.23953
-0.14809,0.5743
-0.24284,0.62743
-0.21446,0.60762
-0.30022,0.63849
0.13458,0.09322
0.02432,0.14245
-0.0724,0.38251
-0.21142,0.61237
-0.30995,0.66924
-0.23991,0.63551
-0.26936,0.58177
-0.2182,0.607
-0.0602,0.41458
-0.26293,0.60807
-0.24155,0.6385
0.03274,0.04189
-0.21239,0.59451
-0.09403,0.56287
-0.21812,0.55736
-0.21011,0.61023
-0.01401,0.31447
-0.00299,0.29454
-0.27224,0.61385
-0.23547,0.61489
0.0919,0.11339
-0.30038,0.64293
-0.29027,0.6543
-0.2282,0.60402
-0.27481,0.65001
0.07637,0.12845
-0.21017,0.60594
-0.07197,0.48507
-0.19948,0.60465
-0.2031,0.62336
-0.17745,0.55769
-0.07021,0.48804
-0.2131,0.52979
-0.16796,0.52206
-0.32779,0.67449
-0.02526,0.34297
-0.20385,0.56637
-0.18565,0.52392
-0.1783,0.5578
0.01657,0.26083
-0.19064,0.58523
-0.20629,0.60841
0.01801,0.22682
-0.0164,0.29531
-0.31949,0.68463
-0.12149,0.51447
-0.26878,0.57712
-0.23412,0.62644
-0.11425,0.49781
-0.26129,0.63859
-0.27376,0.61138
-0.10163,0.42617
-0.27067,0.64845
-0.18142,0.57436
-0.18948,0.5727
0.09113,0.12339
-0.27153,0.59933
-0.14847,0.48838
-0.02041,0.34954
-0.14994,0.53872
-0.29799,0.66446
-0.19951,0.57586
-0.16935,0.52471
-0.10552,0.39616
-0.07027,0.50949
-0.22224,0.62657
-0.16816,0.55252
-0.02328,0.07566
-0.27079,0.61892
-0.27853,0.6358
-0.18659,0.56345
-0.28037,0.65892
-0.15956,0.53106
-0.15352,0.51417
0.08225,0.13401
-0.29386,0.67737
-0.15187,0.53391
-0.33636,0.59962
0.10647,0.10101
-0.28613,0.65721
-0.32563,0.62557
-0.28748,0.59988
-0.27294,0.6236
-0.24498,0.5675
-0.26811,0.57548
-0.06848,0.34124
-0.26954,0.58568
-0.24074,0.56344
-0.20671,0.60344
-0.27075,0.57112
-0.25081,0.59618
-0.26695,0.56686
-0.27733,0.62811
-0.2864,0.61131
-0.24532,0.61611
-0.01899,0.41262
-0.27556,0.66073
0.0623,0.17995
-0.03528,0.33781
-0.25016,0.63528
-0.0562,0.38362
-0.29624,0.66925
0.11762,0.10419
-0.31864,0.68343
-0.17534,0.54925
-0.22208,0.52091
-0.0962,0.45874
-0.13852,0.46977
-0.00669,0.32039
-0.07044,0.46095
-0.00822,0.36966
-0.11517,0.45683
-0.18309,0.431
-0.33122,0.64426
-0.11463,0.42312
-0.22815,0.56957
-0.32377,0.59272
-0.27307,0.66758
-0.20809,0.58282
-0.32313,0.69016
-0.27103,0.63916
-0.15263,0.5609
0.11008,0.10617
-0.24945,0.59706
0.06261,0.03203
-0.25566,0.61067
-0.24048,0.63745
-0.21608,0.62703
-0.03093,0.32319
-0.1186,0.46227
-0.0013,0.15336
-0.13199,0.5232
-0.1749,0.56188
-0.10311,0.50903
-0.16109,0.53802
0.01382,0.25489
-0.02588,0.27983
-0.223,0.59466
-0.17871,0.53062
-0.20648,0.60176
-0.16975,0.54115
0.01508,0.33523
-0.11442,0.51621
-0.25413,0.56728
0.07804,0.14647
-0.09796,0.49926
-0.11556,0.45591
-0.20264,0.55212
-0.34058,0.6389
-0.30735,0.64006
-0.10735,0.45105
-0.27392,0.61057
-0.27533,0.59021
-0.19836,0.60043
0.10179,0.10373
-0.06898,0.40795
0.01265,0.09198
-0.27416,0.62049
-0.15693,0.53576
-0.27731,0.6579
-0.21239,0.6178
-0.26346,0.63457
0.11223,0.15953
-0.18557,0.57343
-0.23363,0.64488
-0.22193,0.54257
0.08048,0.03724
-0.18845,0.55404
-0.18535,0.5628
0.0111,0.35094
-0.27435,0.61208
-0.03767,0.36197
-0.04631,0.35682
-0.16513,0.53096
-0.28146,0.66341
-0.05563,0.39162
-0.1645,0.54215
-0.22259,0.60422
-0.26551,0.62466
-0.28166,0.66426
-0.00512,0.03049
-0.28787,0.59382
-0.07149,0.35232
-0.17124,0.52609
-0.19265,0.55729
-0.01779,0.39068
-0.25189,0.64266
-0.23005,0.55773
-0.22282,0.61658
-0.21314,0.60663
0.01892,0.17629
-0.21881,0.6224
-0.01497,0.27849
-0.16976,0.59256
-0.26502,0.65678
-0.27703,0.61229
-0.25747,0.65412
-0.07724,0.33383
-0.12962,0.5409
-0.01174,0.22957
-0.25245,0.63701
-0.16504,0.5452
0.07412,0.08728
-0.27808,0.64305
-0.18506,0.56641
-0.04854,0.35141
-0.23652,0.56286
0.00029,0.26985
-0.22015,0.60622
0.00124,0.33554
-0.01073,0.26144
-0.16147,0.56888
-0.2662,0.57668
-0.23829,0.60602
-0.07246,0.40896
-0.11829,0.46652
-0.29274,0.66644
-0.22506,0.597
-0.05279,0.29786
-0.31231,0.68256
0.01042,0.3229
-0.18282,0.55826
-0.32799,0.68271
-0.04655,0.48314
-0.16863,0.52743
-0.00695,0.14664
-0.21937,0.59226
-0.09851,0.41087
-0.27063,0.63924
-0.03943,0.3535
-0.16819,0.51711
-0.06529,0.41975
-0.28483,0.65621
-0.1426,0.50166
-0.19584,0.59275
-0.00354,0.23777
-0.06593,0.41481
-0.3049,0.68146
-0.16903,0.57832
-0.12267,0.5162
-0.07614,0.38765
-0.19067,0.57521
-0.09662,0.49717
-0.26445,0.61808
0.00729,0.38813
-0.27234,0.64563
0.01205,0.36924
-0.26729,0.63105
-0.01095,0.44005
-0.15734,0.54837
-0.25681,0.62071
-0.25283,0.6337
-0.2799,0.58812
0.0301,0.23815
-0.31015,0.61368
0.09234,0.09287
-0.1562,0.57329
-0.24326,0.61414
-0.30901,0.67553
-0.21245,0.59324
0.09572,0.12663
-0.11997,0.54781
-0.24274,0.62473
-0.03661,0.33401
-0.20658,0.53101
-0.33427,0.64579
0.13856,0.14828
-0.16894,0.51076
-0.19023,0.56517
-0.1024,0.55838
-0.16867,0.44507
-0.00748,0.26831
-0.24472,0.55535
-0.17117,0.56669
-0.24268,0.62153
-0.23846,0.6512
0.00715,0.21108
0.11366,0.10681
-0.06444,0.45304
-0.30809,0.64788
-0.02475,0.25927
-0.30524,0.62007
-0.03855,0.37
-0.25755,0.63696
-0.34619,0.64099
0.10549,0.0888
-0.28814,0.6047
-0.2808,0.67913
-0.33688,0.67663
-0.32428,0.64834
-0.28886,0.59236
-0.20456,0.60576
0.01663,0.32816
-0.25962,0.58514
-0.35158,0.66967
-0.17395,0.51332
-0.11242,0.54201
-0.02965,0.34218
-0.26729,0.63055
-0.14845,0.55361
-0.24321,0.54491
0.1106,0.12114
-0.34534,0.6833
0.10297,0.09751
-0.32492,0.68333
0.04149,0.2128
-0.1522,0.56557
-0.16159,0.55824
0.09439,0.17435
-0.35835,0.63508
-0.25562,0.64177
-0.09698,0.42388
0.06882,0.253
-0.34599,0.71067
-0.20991,0.59571
-0.26584,0.6583
-0.28345,0.59446
0.07214,0.12629
-0.16,0.58241
-0.24559,0.63406
-0.25616,0.62922
-0.18925,0.58689
-0.1624,0.53489
0.03991,0.1557
-0.16793,0.52388
-0.10452,0.50825
-0.26741,0.60569
-0.2525,0.61015
-0.31497,0.67199
-0.21333,0.60268
-0.16965,0.56419
-0.02121,0.32613
-0.2399,0.58917
-0.21126,0.56034
-0.22278,0.62012
-0.02159,0.38088
-0.29516,0.6695
-0.16526,0.48598
-0.23972,0.62984
-0.23468,0.61559
-0.0201,0.23778
-0.04608,0.27829
0.00048,0.38584
-0.16717,0.51857
-0.3307,0.68099
-0.17017,0.52123
-0.29987,0.62543
-0.18133,0.57241
-0.24121,0.60845
-0.17723,0.56009
-0.22303,0.59182
-0.18614,0.57849
0.03556,0.21962
-0.1619,0.58506
-0.28835,0.63783
-0.01773,0.31801
0.00765,0.2187
-0.10818,0.46957
-0.28747,0.66273
0.11653,0.14361
-0.24307,0.62131
-0.18535,0.57757
-0.07598,0.43241
0.08971,0.15242
-0.15892,0.58249
-0.28357,0.62048
-0.10806,0.46602
-0.19524,0.55462
-0.19136,0.59505
-0.15687,0.54205
-0.08092,0.41946
-0.17028,0.52177
-0.21159,0.63091
-0.09336,0.5425
-0.00391,0.27239
-0.18942,0.518
-0.17702,0.50206
-0.09155,0.4984
-0.03256,0.3535
-0.13149,0.5507
0.08653,0.25485
0.00851,0.34951
-0.16428,0.53083
-0.23804,0.6216
-0.31214,0.67852
-0.29901,0.66821
-0.11147,0.49696
0.10502,0.11479
-0.21438,0.60757
-0.2,0.57369
0.01214,0.28375
-0.16382,0.56835
0.00181,0.32789
-0.29965,0.65313
-0.21675,0.59939
-0.29413,0.67909
-0.15081,0.52575
-0.02348,0.17667
-0.02116,0.366
-0.11922,0.48127
-0.33419,0.66594
-0.28152,0.59446
-0.24057,0.64638
0.02406,0.00299
-0.08069,0.46038
-0.11193,0.48284
-0.19549,0.57524
-0.15271,0.50244
-0.01747,0.25182
-0.10599,0.51258
-0.15061,0.54673
-0.28555,0.60416
0.0445,0.18115
-0.29286,0.63068
-0.06466,0.37498
-0.27582,0.65364
0.02084,0.18191
-0.10874,0.45994
0.07187,0.19579
-0.03458,0.26451
-0.15397,0.47085
-0.02001,0.24165
-0.10766,0.51299
-0.1478,0.51091
0.05744,0.02733
-0.19645,0.60559
-0.24339,0.55032
0.03884,0.14137
-0.23724,0.6206
-0.06613,0.44417
0.09895,0.0996
-0.23006,0.61935
-0.2781,0.65698
-0.29076,0.66955
-0.08701,0.42358
-0.2066,0.61554
-0.13271,0.54903
-0.22071,0.58338
-0.23107,0.5861
0.0163,0.1622
-0.08358,0.4111
0.03729,0.14682
-0.14029,0.53881
-0.16754,0.51949
0.01169,0.21826
-0.20004,0.59081
-0.16745,0.55207
-0.10133,0.48612
0.0367,0.21105
-0.21915,0.61011
0.05084,0.0875
-0.25676,0.6352
-0.02519,0.32666
-0.02056,0.3092
0.05701,0.26407
-0.13912,0.54793
-0.17486,0.56842
0.13088,0.0721
-0.20892,0.61418
-0.17112,0.54106
-0.20029,0.58061
-0.00139,0.3097
-0.22094,0.60241
-0.27791,0.6618
-0.25021,0.61348
-0.06426,0.38331
0.06483,0.12211
-0.3434,0.71068
-0.15372,0.59873
-0.29964,0.70158
-0.26367,0.6339
-0.11032,0.45229
-0.25301,0.64913
-0.208,0.55466
-0.14099,0.53106
-0.16629,0.52911
-0.13921,0.53767
-0.28496,0.60541
-0.22633,0.61111
-0.05241,0.38121
0.00781,0.21789
-0.20503,0.59137
0.13463,0.14529
-0.27435,0.59774
-0.18495,0.49047
0.06214,0.08692
-0.33567,0.69808
-0.08359,0.45504
-0.30854,0.64398
-0.12216,0.54707
-0.29745,0.65814
-0.22809,0.6158
-0.06978,0.41145
0.11428,0.08594
-0.14702,0.52733
-0.14548,0.46112
-0.05363,0.41832
0.04138,0.06293
-0.16755,0.52805
-0.13244,0.521
0.00068,0.25848
-0.33161,0.66291
-0.19426,0.58635
-0.2579,0.66203
-0.07154,0.45243
-0.19199,0.56632
-0.17613,0.57513
-0.14763,0.51217
-0.09877,0.47705
-0.25597,0.60979
-0.04401,0.45009
-0.24789,0.63743
-0.32348,0.69928
-0.29116,0.66264
0.05556,0.18183
-0.19632,0.56612
-0.22451,0.61762
-0.32456,0.63094
-0.27344,0.65949
-0.01027,0.27647
0.04209,0.13156
0.03169,0.1742
-0.04262,0.42839
-0.11332,0.42583
0.00765,0.08204
-0.16841,0.57437
-0.12854,0.53643
-0.24801,0.64484
-0.18653,0.5891
-0.09127,0.45659
0.02477,0.11429
-0.20346,0.60371
-0.24601,0.63528
-0.30419,0.66828
-0.00609,0.31043
-0.06664,0.44969
-0.02875,0.37982
0.0864,0.09132
-0.20313,0.59973
-0.06192,0.41185
-0.03676,0.27916
0.02099,0.20104
-0.18811,0.57548
-0.12705,0.48902
-0.23208,0.63052
-0.13907,0.54714
0.00875,0.13384
0.02108,0.20825
-0.20974,0.57388
-0.16232,0.54187
-0.16865,0.50008
-0.01307,0.2873
-0.28275,0.66176
-0.26217,0.60277
-0.23827,0.60984
-0.27463,0.63081
-0.03639,0.36245
0.02511,0.25463
-0.12013,0.48788
-0.16824,0.57673
0.08144,0.17529
-0.31267,0.67469
-0.27989,0.5895
0.01977,0.4186
-0.21429,0.57019
-0.18219,0.50445
0.033,0.21592
-0.06497,0.46858
-0.16904,0.57961
-0.29062,0.66131
-0.03303,0.46128
0.00936,0.2787
-0.30284,0.69184
-0.32052,0.64469
-0.17102,0.55196
-0.248,0.61488
-0.00791,0.06894
0.09306,0.1558
-0.08217,0.38956
0.00604,0.19901
-0.02369,0.42934
-0.20203,0.58602
-0.22111,0.54934
-0.35112,0.60552
-0.33308,0.62671
-0.32519,0.68507
-0.31165,0.58894
-0.26091,0.60956
-0.21249,0.60176
0.04819,0.20267
-0.00179,0.28485
-0.39355,0.64347
-0.25336,0.64307
-0.23057,0.62876
-0.2396,0.60271
-0.28096,0.64556
0.04333,0.19538
-0.28909,0.66244
-0.30567,0.67147
0.00955,0.20224
-0.05471,0.38857
-0.13808,0.54877
0.04325,0.13582
-0.08056,0.46551
-0.00961,0.37208
-0.28318,0.63838
-0.25546,0.61823
-0.14762,0.5553
-0.27994,0.6472
-0.22446,0.59772
-0.18081,0.55967
-0.30568,0.66445
-0.25893,0.61602
-0.25888,0.64365
-0.20685,0.57556
-0.06197,0.40757
-0.1141,0.41703
-0.18264,0.55873
-0.00987,0.03196
-0.10168,0.53769
-0.22782,0.61787
-0.28549,0.66908
-0.27277,0.64802
-0.15527,0.54158
-0.24319,0.63539
-0.13113,0.47304
-0.10421,0.45514
-0.18288,0.53835
0.02934,0.24479
-0.23125,0.60049
-0.1315,0.48311
-0.22735,0.5805
-0.27474,0.62089
-0.21684,0.55732
-0.21125,0.56076
-0.163,0.56758
-0.18743,0.59226
-0.13728,0.48087
-0.25689,0.62059
-0.2198,0.59036
-0.28646,0.64414
-0.30857,0.67387
-0.17622,0.52375
-0.14597,0.57556
-0.1953,0.5633
-0.18646,0.56542
-0.08571,0.44625
0.11102,0.12093
-0.05092,0.34955
-0.14636,0.56358
-0.09056,0.42579
-0.27891,0.66059
-0.14568,0.46484
-0.11133,0.41527
-0.06599,0.38127
-0.31357,0.66693
0.02551,0.10594
0.00796,0.01603
-0.22081,0.57316
-0.15076,0.55018
-0.19996,0.56881
-0.23797,0.55641
0.07861,0.28078
-0.17953,0.58874
-0.2481,0.61835
-0.27236,0.65237
-0.27976,0.64
-0.17912,0.52308
-0.19169,0.59733
-0.31931,0.64144
0.05641,0.25365
0.01415,0.22852
-0.07636,0.48026
-0.07444,0.40756
-0.19109,0.57213
-0.3582,0.66077
-0.13333,0.43623
-0.24676,0.62526
-0.28303,0.64301
-0.09977,0.4729
-0.28605,0.62989
-0.24008,0.72908
-0.25613,0.55667
-0.15805,0.53713
-0.07372,0.45326
0.11429,0.03864
-0.11855,0.47429
-0.28704,0.62781
0.00219,0.2864
-0.02552,0.36606
-0.27042,0.63782
-0.04849,0.34295
-0.28164,0.59807
-0.28048,0.568
-0.27297,0.58435
-0.07179,0.39599
-0.04666,0.35688
-0.01925,0.25989
-0.185,0.59647
-0.30293,0.66122
-0.19053,0.59746
-0.24041,0.64207
-0.06751,0.42317
-0.25713,0.64434
-0.24762,0.62141
-0.20334,0.58482
-0.00039,0.29909
0.01048,0.1942
-0.01608,0.3167
-0.19445,0.56381
-0.08455,0.39996
-0.01469,0.34322
-0.24903,0.65228
-0.23444,0.57471
-0.14167,0.48425
-0.29825,0.66747
-0.30225,0.6834
-0.12124,0.50735
-0.17871,0.55518
-0.03269,0.31755
-0.21167,0.58642
-0.20499,0.6005
-0.27034,0.62473
-0.23735,0.57985
-0.27385,0.63956
-0.19019,0.5795
0.11801,0.10586
-0.02392,0.31005
-0.18779,0.55076
0.02758,0.1609
-0.21719,0.61196
-0.12723,0.45163
-0.03969,0.38341
-0.1581,0.51042
-0.04347,0.38058
-0.16824,0.55733
-0.06719,0.37262
-0.00679,0.35534
-0.18478,0.57283
-0.14195,0.51129
-0.33281,0.64056
-0.11814,0.51454
-0.23584,0.49783
0.09291,0.16651
-0.0793,0.37794
-0.16138,0.596
-0.26402,0.58013
-0.23537,0.58481
-0.30705,0.66127
-0.21905,0.57418
-0.2633,0.6205
-0.0087,0.32338
-0.02084,0.26238
-0.16101,0.55804
-0.27024,0.62417
-0.17211,0.52301
0.09985,0.02678
-0.1888,0.57678
-0.03697,0.3564
0.00706,0.37486
0.05448,0.08903
-0.20766,0.59047
-0.30349,0.66605
-0.27554,0.63424
-0.2851,0.63127
0.02247,0.29314
-0.13656,0.50992
0.00595,0.14129
0.06887,0.16464
-0.03364,0.33046
-0.21131,0.60188
-0.25793,0.63804
-0.32032,0.67519
-0.26062,0.60105
-0.14127,0.51539
-0.24783,0.6256
-0.15852,0.52918
0.0739,0.17503
-0.25633,0.62686
0.00333,0.22403
-0.25446,0.62236
-0.23818,0.57224
-0.04283,0.49218
-0.06505,0.38031
-0.07849,0.45373
-0.25994,0.62762
-0.07213,0.4099
-0.31796,0.70074
-0.05374,0.34515
-0.08825,0.49093
-0.16612,0.52528
-0.28384,0.612
-0.14605,0.54583
0.05536,0.10122
0.13022,0.08873
-0.27712,0.65505
-0.04891,0.45829
-0.21651,0.60713
-0.03789,0.31588
0.1224,0.23112
-0.31667,0.69366
-0.26343,0.63864
-0.14834,0.5234
-0.23704,0.63574
-0.31594,0.66305
-0.15694,0.55389
-0.24977,0.63394
-0.16287,0.57247
-0.00104,0.32921
0.01237,0.35138
-0.241,0.63894
-0.06271,0.38145
-0.09526,0.4716
0.02052,0.32693
0.11046,0.06218
0.06864,0.3059
0.00218,0.42174
-0.23319,0.55926
-0.01745,0.27907
-0.31803,0.66201
-0.22795,0.59553
-0.28904,0.66155
-0.19364,0.57678
-0.09416,0.44288
-0.2245,0.63948
-0.03885,0.2664
-0.04156,0.38559
-0.14461,0.54737
-0.1862,0.59871
0.02454,0.2235
0.09036,0.21509
0.02239,0.23283
-0.26453,0.65219
-0.2821,0.62206
-0.20358,0.59115
-0.22456,0.61847
-0.09409,0.35559
-0.08934,0.40925
-0.03442,0.43104
-0.26025,0.6361
-0.21488,0.56435
-0.2381,0.63823
0.05262,0.14039
0.01268,0.33173
0.00497,0.21855
0.01184,0.22797
0.14118,0.06022
-0.24452,0.61124
-0.19293,0.58583
-0.17443,0.54634
-0.16323,0.55552
-0.15905,0.50199
-0.17149,0.56135
-0.28597,0.65089
-0.26043,0.56504
-0.25051,0.63956
-0.27875,0.65658
-0.18633,0.54762
0.09795,0.0185
-0.33425,0.68093
-0.27326,0.6252
-0.09998,0.49505
-0.11819,0.52997
-0.12953,0.43492
-0.31858,0.66862
-0.07016,0.46452
-0.23758,0.62849
-0.13,0.49334
-0.26716,0.57416
-0.1909,0.56432
-0.3272,0.60272
-0.10028,0.5034
0.12333,0.09243
-0.16806,0.55062
-0.18084,0.53208
-0.24742,0.56348
-0.13595,0.51565
0.00719,0.25666
-0.19098,0.57999
-0.32353,0.66311
-0.32275,0.61295
-0.03001,0.30545
-0.0079,0.2469
-0.21332,0.59963
0.03436,0.26024
-0.24753,0.62751
0.02931,0.29362
-0.23896,0.62263
-0.15068,0.49143
-0.12417,0.46347
-0.22373,0.62167
0.09624,0.15124
0.00689,0.36281
0.05703,0.19696
-0.22727,0.52703
-0.00192,0.28242
-0.19718,0.59375
-0.28691,0.60459
-0.23333,0.64375
-0.01169,0.38903
-0.00684,0.32302
-0.11158,0.51962
-0.26003,0.63317
-0.19459,0.58686
-0.32627,0.67472
0.02422,0.22569
-0.19891,0.60426
-0.21402,0.54044
0.13988,0.06248
-0.30818,0.66658
0.00938,0.25652
0.01342,0.26776
-0.16807,0.55689
-0.04104,0.41416
-0.21613,0.62288
-0.16829,0.55757
-0.04563,0.30217
-0.30911,0.60976
0.00676,0.26664
-0.02832,0.1711
-0.04249,0.34554
-0.17836,0.55203
-0.29993,0.62082
-0.24637,0.60591
-0.3342,0.67801
-0.28106,0.58443
-0.34099,0.698
-0.27091,0.66115
-0.10155,0.40325
-0.21493,0.58391
-0.30503,0.67077
-0.00072,0.26973
-0.01942,0.28644
-0.07787,0.40217
-0.16975,0.55843
-0.18968,0.55108
-0.33037,0.64794
-0.18897,0.58361
0.1229,0.08647
-0.23446,0.60868
-0.07765,0.39232
-0.27893,0.63584
-0.1927,0.5937
-0.22147,0.62593
-0.11089,0.40259
0.00968,0.23165
-0.11951,0.45571
-0.101,0.44113
-0.2436,0.57404
-0.31865,0.61606
-0.30547,0.68091
-0.23165,0.61223
-0.2962,0.66955
-0.06729,0.38266
-0.15925,0.51426
-0.26083,0.63141
-0.20354,0.60415
-0.31425,0.62338
-0.30291,0.67155
-0.14003,0.49191
-0.20189,0.60589
-0.27056,0.64986
-0.30817,0.6202
-0.20244,0.61438
-0.24429,0.61525
-0.26993,0.6596
-0.24952,0.56143
0.0874,0.13916
-0.29838,0.65302
0.05312,0.05616
-0.05041,0.38365
-0.1359,0.55207
-0.20991,0.59636
-0.19236,0.5275
-0.2255,0.58135
0.11768,0.10056
0.03431,0.15537
-0.24951,0.58535
-0.23951,0.61854
-0.18296,0.58329
-0.21506,0.61229
-0.13844,0.55376
-0.07267,0.429
-0.13009,0.48303
-0.35346,0.7117
0.03979,0.22668
0.11714,0.13378
-0.24403,0.5561
-0.0645,0.4305
-0.20235,0.60832
-0.14401,0.50344
-0.26702,0.62907
0.03366,0.11327
-0.14972,0.47769
-0.25954,0.57938
-0.2246,0.60794
0.06704,0.14891
-0.13447,0.51104
-0.07389,0.42827
-0.14749,0.55466
-0.10571,0.48084
-0.1908,0.55762
-0.29957,0.64869
-0.09335,0.48827
0.01115,0.29842
-0.17381,0.55202
-0.29071,0.63049
-0.24085,0.62165
-0.27571,0.6157
-0.31666,0.67057
-0.18682,0.57553
-0.21608,0.58872
-0.10135,0.50778
-0.23723,0.62026
-0.08497,0.44341
-0.19864,0.59718
-0.30143,0.62675
-0.13114,0.4983
-0.31723,0.65752
-0.16956,0.47245
-0.22123,0.62288
-0.33258,0.69763
-0.10034,0.37546
-0.30487,0.67776
0.08536,0.08058
-0.21463,0.51077
-0.22299,0.61772
-0.27588,0.59189
-0.23343,0.59283
-0.17003,0.57242
-0.08584,0.4405
0.03396,0.14627
-0.2962,0.65947
0.05855,0.13854
-0.20832,0.59131
-0.1542,0.55272
-0.16745,0.52972
0.08063,0.1415
0.0899,0.09799
-0.2026,0.53093
-0.09874,0.52326
-0.13913,0.46335
0.05476,0.044
-0.10134,0.4614
-0.19115,0.57332
0.06909,0.11751
-0.03173,0.35367
-0.27762,0.65804
-0.1953,0.63443
0.05532,0.16074
-0.3327,0.63572
-0.16723,0.50893
-0.32535,0.6648
-0.10226,0.52781
-0.18265,0.5377
-0.22085,0.60327
-0.14762,0.48611
-0.26012,0.59796
-0.26016,0.59608
-0.16542,0.5674
-0.001,0.24575
-0.17393,0.55515
-0.12956,0.51097
0.10767,0.09332
-0.01565,0.2713
-0.30669,0.65947
-0.32649,0.60737
-0.24939,0.63207
-0.27909,0.61021
-0.08326,0.44816
-0.04274,0.00874
-0.03433,0.34199
-0.32307,0.69414
-0.00272,0.31795
-0.03403,0.28112
-0.24537,0.60991
-0.20038,0.54839
-0.15975,0.56531
-0.14796,0.53364
-0.07414,0.38625
-0.17541,0.55778
0.01821,0.21226
-0.18367,0.56483
-0.25954,0.63132
-0.32153,0.69499
-0.14453,0.59331
0.04803,0.19886
-0.19365,0.59798
-0.13777,0.52726
-0.31958,0.69531
-0.22059,0.55426
0.14003,0.06999
-0.31953,0.65141
-0.32967,0.68614
-0.31236,0.66872
-0.13463,0.54855
-0.17559,0.54324
-0.16651,0.52649
-0.24366,0.56071
-0.33124,0.68786
-0.21564,0.63399
0.0994,0.10208
-0.31009,0.69242
-0.04718,0.34648
-0.25916,0.66655
-0.21359,0.60427
-0.20638,0.55439
-0.27034,0.63083
-0.14877,0.49322
-0.24491,0.59907
0.00244,0.20343
-0.01133,0.35925
0.01919,0.21004
-0.30577,0.65974
-0.12779,0.53386
-0.03878,0.32607
-0.00703,0.35378
-0.24845,0.61957
-0.21858,0.59439
-0.38334,0.63175
-0.33132,0.69489
-0.23482,0.64248
-0.18672,0.55749
-0.27475,0.65936
-0.30641,0.66713
-0.23,0.64344
-0.35219,0.65763
-0.33241,0.68953
-0.30131,0.67567
-0.18113,0.5625
-0.02993,0.26626
0.09432,0.13116
-0.18198,0.57712
-0.2968,0.67952
0.03967,0.11692
-0.10979,0.4434
-0.21708,0.60129
0.0231,0.20606
-0.29003,0.66432
-0.19468,0.57961
-0.25141,0.64764
0.12544,0.12251
-0.23421,0.6129
-0.2496,0.62309
0.03828,0.29259
-0.32774,0.6949
-0.29356,0.64609
-0.26873,0.60152
-0.20716,0.59928
-0.27592,0.62327
0.0313,0.22613
-0.18865,0.597
-0.1236,0.50397
-0.1234,0.54413
-0.21045,0.5956
-0.2822,0.66212
0.07053,0.16934
0.01331,0.20921
-0.3025,0.68282
-0.12068,0.49829
-0.29545,0.65497
-0.15494,0.51273
-0.0997,0.46596
-0.24955,0.6499
0.08779,0.16164
-0.0808,0.4062
-0.22866,0.62742
-0.15762,0.53568
-0.23376,0.54507
-0.04617,0.43652
0.00102,0.23706
-0.19803,0.57854
-0.1355,0.47769
-0.16575,0.5012
-0.25455,0.60352
-0.24513,0.6234
-0.19071,0.57215
-0.16086,0.51521
-0.24038,0.62109
0.13611,0.15964
-0.193,0.56722
-0.12433,0.43962
-0.2408,0.63241
-0.24044,0.65203
-0.00885,0.26477
-0.33684,0.66835
-0.22823,0.61089
-0.00868,0.12411
-0.17657,0.51954
-0.04493,0.3654
-0.28422,0.64559
-0.21524,0.57568
-0.1183,0.43855
-0.26966,0.62465
-0.25591,0.63251
-0.35576,0.68061
-0.16615,0.58879
-0.08116,0.45698
-0.1253,0.4617
0.01289,0.25158
-0.24366,0.63603
0.03047,0.0377
-0.18835,0.58206
-0.19692,0.60305
-0.07382,0.38204
-0.03155,0.3486
-0.28021,0.67014
-0.24665,0.58934
-0.24599,0.57384
-0.1205,0.49131
-0.30494,0.65802
-0.26078,0.55804
0.01541,0.33428
-0.23064,0.59584
-0.05202,0.44597
-0.08675,0.45107
-0.03013,0.32532
0.04319,0.18882
-0.19645,0.50467
-0.30645,0.67458
-0.13449,0.52136
-0.17674,0.56014
-0.27562,0.66716
-0.20492,0.56054
-0.25845,0.56897
-0.31291,0.67805
-0.09441,0.53533
-0.17519,0.57325
-0.0482,0.34485
-0.16954,0.58887
0.05418,0.20569
-0.11126,0.50642
-0.17673,0.56225
-0.28286,0.63224
-0.28061,0.62774
-0.18014,0.50517
-0.13115,0.52495
-0.11922,0.44158
-0.19757,0.5802
-0.26726,0.64083
-0.30496,0.67177
-0.28507,0.60072
-0.20294,0.55539
-0.17259,0.5065
-0.27366,0.64471
-0.21874,0.54559
-0.12712,0.5341
0.0086,0.3545
-0.25303,0.59094
-0.2257,0.55652
0.04006,0.11024
-0.11433,0.49692
0.00117,0.27676
-0.30091,0.67265
-0.16506,0.5634
-0.22644,0.58336
-0.33173,0.6854
0.05602,0.26648
-0.25415,0.63733
-0.18445,0.55168
-0.29542,0.60728
-0.07318,0.51587
-0.30134,0.65038
-0.32025,0.67097
-0.23501,0.64145
-0.30529,0.66871
-0.18615,0.51844
-0.2075,0.58309
-0.25227,0.62493
0.10159,0.08444
-0.2296,0.57207
0.01781,0.12604
-0.12114,0.461
-0.21415,0.54931
-0.15464,0.50883
-0.23175,0.61732
-0.11969,0.53205
-0.22826,0.61205
-0.13948,0.53914
-0.2057,0.55467
-0.25302,0.64471
0.00963,0.18922
-0.11437,0.44806
-0.39128,0.64494
-0.27509,0.61465
0.0504,0.13079
-0.24058,0.53811
-0.20784,0.60056
-0.13346,0.47922
-0.18944,0.5911
-0.10346,0.50632
-0.21417,0.60104
-0.27292,0.63776
-0.27434,0.643
-0.19069,0.59891
-0.23139,0.59357
0.10646,0.13211
0.01074,0.22358
-0.00773,0.32622
-0.11824,0.52734
-0.22961,0.58243
-0.15736,0.58693
-0.13304,0.53554
-0.20193,0.58123
0.02395,0.23018
-0.1114,0.48905
0.00488,0.25116
-0.26026,0.62034
-0.31637,0.67915
-0.20208,0.60808
-0.2729,0.63863
-0.29834,0.65345
-0.07723,0.43841
-0.19185,0.57933
-0.1375,0.55427
-0.18811,0.56555
-0.28768,0.65513
-0.22182,0.59994
-0.11066,0.4577
-0.07009,0.39784
-0.1634,0.558
0.00431,0.31886
-0.21778,0.6106
-0.03553,0.27679
-0.2449,0.60967
-0.19033,0.57762
-0.25745,0.58121
-0.28373,0.64628
-0.20552,0.57626
-0.34642,0.70202
0.02278,0.02266
0.00346,0.2505
0.08079,0.10231
0.0259,0.20278
-0.24747,0.55889
0.05165,0.12549
-0.04506,0.09745
-0.17644,0.57695
-0.26145,0.63021
-0.24278,0.63892
-0.27155,0.66591
-0.29344,0.65871
0.01593,0.22779
-0.29706,0.63286
-0.16628,0.50138
-0.07852,0.42872
0.06621,0.1104
-0.15739,0.52721
-0.19113,0.55762
0.02033,0.2367
-0.11333,0.55304
0.02095,0.18512
-0.13933,0.49884
-0.13435,0.51572
0.1277,0.11848
0.02727,0.12165
-0.35398,0.70869
-0.28743,0.63951
-0.29835,0.59194
-0.26024,0.65146
-0.09206,0.43791
-0.03441,0.34042
-0.16831,0.54112
-0.30264,0.58887
-0.2928,0.64328
-0.18148,0.54538
0.02236,0.24494
-0.12686,0.50389
-0.19957,0.58777
-0.25279,0.62083
-0.15693,0.58346
0.05014,0.16624
-0.23792,0.60927
-0.23843,0.54859
-0.04524,0.25795
-0.20126,0.59369
-0.24866,0.6308
0.07297,0.09541
-0.27872,0.58402
-0.0003,0.13631
-0.26097,0.58479
-0.01407,0.30944
-0.06161,0.35892
-0.24997,0.57896
0.04008,0.01721
-0.27025,0.61228
-0.08464,0.5122
-0.27674,0.62907
0.05239,0.16038
-0.34229,0.7099
-0.21662,0.60141
-0.1519,0.53978
-0.20864,0.59141
0.04724,0.17209
-0.24889,0.65397
-0.26224,0.5671
-0.11732,0.53591
0.09207,0.15206
0.06623,0.1487
0.09786,0.09535
-0.22072,0.57192
-0.0887,0.41857
-0.17065,0.5731
0.0266,0.2734
-0.19738,0.52289
0.03865,0.1955
0.09801,0.14007
-0.1281,0.54211
-0.18789,0.60576
-0.20929,0.63204
-0.1733,0.53437
-0.13003,0.53737
-0.23483,0.61309
-0.26678,0.63685
-0.24017,0.61925
-0.13819,0.48704
-0.25487,0.62023
-0.24808,0.64801
-0.26219,0.63923
-0.23545,0.61895
-0.17288,0.52308
-0.21799,0.60034
-0.24117,0.62981
-0.16574,0.50868
0.0896,0.04891
-0.19844,0.58106
0.08731,0.10854
-0.01858,0.29908
-0.1643,0.43833
-0.24619,0.647
-0.25071,0.62945
-0.18101,0.5679
-0.20605,0.586
-0.1983,0.5393
-0.3133,0.65852
-0.18327,0.53365
-0.02258,0.41558
-0.31641,0.61705
-0.26768,0.57465
-0.20586,0.59307
0.03684,0.13667
-0.19933,0.56682
0.04831,0.18082
-0.08175,0.4325
-0.18245,0.58489
-0.1634,0.5249
-0.18437,0.55548
-0.28756,0.64847
-0.0266,0.39165
0.0246,0.01993
-0.28623,0.66835
-0.21486,0.5873
-0.10687,0.48909
0.00669,0.29001
-0.20585,0.59521
-0.33624,0.68667
-0.06303,0.37124
-0.17795,0.57067
-0.21973,0.62525
-0.21488,0.59976
0.15265,0.08857
-0.22087,0.50642
-0.08291,0.44845
-0.22753,0.55296
-0.16941,0.49316
-0.30081,0.60754
-0.30527,0.6598
-0.25092,0.6087
-0.34473,0.69899
0.03971,0.26052
-0.20569,0.62936
-0.26926,0.62469
-0.26076,0.64609
-0.20397,0.58453
-0.02227,0.2538
-0.03179,0.22377
-0.23228,0.60812
-0.18823,0.58684
-0.31645,0.6536
0.01374,0.19086
-0.13011,0.48546
-0.28938,0.59057
-0.22753,0.59332
-0.25492,0.65698
-0.20339,0.57725
-0.15427,0.54053
-0.0246,0.23634
-0.28438,0.59301
-0.14357,0.55361
-0.20697,0.5747
-0.15869,0.54645
-0.14052,0.52126
-0.03946,0.38954
-0.263,0.60783
-0.32905,0.67661
-0.29306,0.60205
-0.36515,0.6153
0.08704,0.13075
-0.22752,0.62318
-0.28128,0.66904
-0.00656,0.21487
-0.11825,0.43356
0.11298,0.10018
-0.24264,0.63048
-0.00096,0.23958
-0.24461,0.66458
-0.38123,0.64143
-0.19389,0.57521
-0.19439,0.59491
-0.30316,0.6734
-0.07946,0.43078
0.04482,0.07558
-0.0041,0.31523
-0.05295,0.39926
-0.34442,0.65716
-0.22359,0.62293
0.04503,0.15237
-0.25243,0.64155
0.07755,0.08968
-0.28774,0.64838
-0.14534,0.46154
-0.22118,0.56922
-0.03262,0.3592
-0.11295,0.51815
-0.12254,0.53889
-0.15409,0.463
-0.22729,0.55604
-0.18943,0.60056
-0.01778,0.25024
0.08015,0.14948
-0.24953,0.64218
0.13045,0.10132
-0.18157,0.58629
-0.02529,0.30379
-0.19519,0.52246
-0.24578,0.59962
-0.24223,0.62991
-0.30741,0.61172
0.11951,0.0695
-0.2874,0.60685
-0.31874,0.64597
-0.33312,0.69942
-0.11184,0.47354
-0.31476,0.64485
-0.17765,0.59158
-0.21072,0.59579
-0.22223,0.60624
-0.09291,0.46857
0.06112,0.09908
-0.26954,0.63636
-0.2006,0.59726
-0.24201,0.63012
-0.29072,0.67673
-0.10044,0.43355
-0.23651,0.61651
-0.28355,0.6672
-0.12363,0.48399
-0.34451,0.70524
-0.26732,0.56582
-0.14055,0.44313
0.05337,0.26252
-0.25339,0.62338
-0.20904,0.57134
-0.28693,0.65097
-0.21993,0.59617
-0.08068,0.45512
-0.22083,0.56619
-0.2422,0.61801
-0.38269,0.63296
-0.30217,0.65902
-0.25692,0.62981
0.08834,0.13326
-0.21985,0.52184
-0.23327,0.64171
-0.03086,0.32018
-0.03346,0.11191
-0.18519,0.55451
-0.08243,0.51351
-0.02322,0.23251
-0.27257,0.62612
-0.22786,0.619
-0.13917,0.54178
-0.13328,0.5374
-0.16255,0.55614
-0.20347,0.60366
-0.03826,0.25656
-0.27451,0.64825
-0.1058,0.50915
-0.24736,0.64098
-0.34492,0.64055
-0.17973,0.55713
-0.01183,0.32631
-0.3147,0.68243
-0.23477,0.61694
-0.29969,0.60871
-0.22596,0.56819
-0.26973,0.59653
0.0091,0.33678
-0.17866,0.54983
-0.20798,0.58591
-0.28946,0.63149
-0.19208,0.58084
-0.12904,0.5214
-0.25131,0.58059
-0.13426,0.4923
-0.34714,0.64039
-0.2199,0.54609
-0.14647,0.54311
-0.22395,0.58446
-0.1946,0.54009
-0.27474,0.6179
0.05613,0.00687
-0.23299,0.62222
-0.03071,0.07952
-0.12635,0.45756
-0.17008,0.50817
-0.25297,0.58271
-0.25693,0.55209
-0.18039,0.5766
-0.33961,0.70175
-0.21479,0.61059
-0.26149,0.63598
-0.07556,0.43942
0.00383,0.30083
-0.28057,0.58815
-0.1016,0.50419
-0.12859,0.52163
-0.29798,0.64036
-0.25757,0.5833
-0.11583,0.4992
-0.30893,0.66347
-0.11079,0.4856
-0.26857,0.60298
-0.08961,0.43184
-0.16541,0.58525
-0.22613,0.60616
0.02903,0.25273
-0.27606,0.63076
-0.19015,0.56058
-0.01957,0.28628
-0.03477,0.32591
-0.02034,0.2472
-0.00837,0.02387
-0.19524,0.60127
-0.23902,0.6129
0.05273,0.19868
-0.12402,0.51868
-0.26962,0.62937
-0.25056,0.63933
-0.13981,0.53795
-0.00511,0.2511
-0.14304,0.5664
-0.16354,0.49202
-0.20543,0.59253
-0.29588,0.61389
-0.16643,0.57738
0.12856,0.13871
-0.08383,0.45293
-0.17719,0.49928
0.01643,0.24464
-0.08831,0.43926
-0.21699,0.56205
-0.39746,0.64957
-0.327,0.69441
-0.34892,0.64135
0.07135,0.27024
-0.24957,0.61516
0.05342,0.0895
0.08691,0.10345
-0.30506,0.67582
-0.30671,0.61106
-0.19517,0.6021
-0.16257,0.52324
-0.23678,0.61803
0.02088,0.3835
-0.10099,0.49476
-0.24224,0.61476
0.04992,0.17674
-0.17074,0.57689
-0.02436,0.40605
0.09402,0.10974
-0.19727,0.5616
0.04178,0.17373
-0.29105,0.59873
-0.05388,0.3708
-0.31003,0.62691
-0.17062,0.53451
-0.20106,0.61759
-0.08984,0.4083
-0.13745,0.50023
-0.32367,0.69134
-0.31495,0.66952
-0.04415,0.38958
-0.10395,0.34675
-0.13122,0.50633
-0.11582,0.49451
-0.24235,0.61889
-0.19385,0.59376
-0.27819,0.64313
-0.21312,0.58013
0.07639,0.31721
-0.21011,0.60292
-0.022,0.2706
-0.20346,0.59308
-0.30628,0.65149
-0.26283,0.61931
-0.19201,0.51481
-0.23216,0.58457
-0.24567,0.59918
-0.05581,0.37797
-0.13491,0.47755
-0.1094,0.4902
0.04124,0.22056
-0.16658,0.5465
-0.27316,0.63533
-0.28035,0.65165
-0.26124,0.64234
-0.15383,0.53138
-0.12,0.48215
-0.20971,0.58331
-0.0463,0.37404
-0.19477,0.59884
-0.26845,0.61371
0.06373,0.22917
-0.02441,0.04554
-0.12708,0.50028
-0.30587,0.64805
-0.17134,0.55889
-0.09076,0.54218
0.00725,0.25564
-0.00308,0.28416
0.10555,0.10696
-0.04789,0.39449
0.03739,0.33049
-0.31938,0.66445
-0.02918,0.31077
-0.28488,0.61246
-0.162,0.51086
-0.14847,0.56248
0.00684,0.30462
-0.29577,0.59758
-0.113,0.51346
-0.22996,0.54775
0.04514,0.16351
-0.19192,0.5925
-0.23187,0.60925
-0.20564,0.57038
-0.13772,0.53022
-0.16246,0.49455
-0.1103,0.49718
-0.16858,0.57221
-0.15976,0.55666
-0.28479,0.63466
-0.23237,0.56665
-0.291,0.66379
-0.2893,0.63894
-0.27466,0.57059
-0.15886,0.52538
-0.04855,0.42517
-0.13935,0.49354
-0.23863,0.61978
-0.26672,0.65972
-0.21084,0.57954
-0.16624,0.53151
0.04093,0.24667
-0.23292,0.59094
-0.18885,0.51745
-0.27804,0.58582
-0.14092,0.57068
-0.23038,0.59923
-0.20754,0.59278
-0.17618,0.56176
-0.07621,0.42071
-0.23788,0.57074
-0.24707,0.55826
-0.02866,0.46309
0.01909,0.2502
-0.19328,0.5663
-0.17371,0.50897
-0.20208,0.53324
-0.22023,0.60161
-0.23296,0.5649
-0.06216,0.4115
-0.26199,0.66099
-0.1764,0.45737
0.13811,0.17006
-0.24432,0.6131
-0.2498,0.65167
-0.21645,0.63804
0.08117,0.14195
-0.15442,0.55623
-0.18004,0.50351
-0.10537,0.41908
0.02076,0.21414
-0.23776,0.6252
-0.28314,0.59772
-0.26459,0.64192
-0.27084,0.66897
-0.29205,0.60976
0.09132,0.14997
-0.14629,0.56299
-0.22337,0.61064
-0.09072,0.49462
-0.2786,0.61461
-0.03044,0.28329
-0.19549,0.5115
-0.22432,0.63587
-0.15025,0.55383
0.03931,0.22349
-0.18817,0.56609
-0.22593,0.61403
-0.26682,0.61567
-0.19451,0.53999
-0.21957,0.55692
-0.07657,0.28023
0.08164,0.11504
0.15264,0.06942
-0.08248,0.40174
-0.2031,0.59514
0.08701,0.23628
-0.38152,0.63812
-0.31974,0.65655
-0.20759,0.5896
0.13563,0.11844
0.05963,0.06155
-0.04202,0.34484
-0.01804,0.26164
-0.16634,0.5547
-0.29039,0.61182
-0.06799,0.42416
-0.08013,0.42874
0.09292,0.13054
-0.23714,0.60234
-0.02156,0.29577
-0.13651,0.52576
0.00329,0.18112
-0.1544,0.5367
-0.26077,0.57824
-0.05354,0.39156
-0.24089,0.59763
-0.22509,0.60048
-0.28369,0.67217
0.1048,0.15656
-0.18973,0.49774
-0.00814,0.06145
-0.13586,0.46509
0.05843,0.176
-0.20213,0.58214
-0.15285,0.52985
-0.30662,0.66708
-0.04104,0.32013
-0.23273,0.51451
-0.33949,0.69866
-0.29234,0.6754
0.04368,0.27994
-0.34658,0.60856
0.0828,0.08841
0.0406,0.12768
-0.16991,0.5473
-0.17494,0.56949
-0.19,0.59806
-0.20618,0.56262
0.02297,0.19231
-0.22186,0.60559
-0.2544,0.58419
-0.29329,0.61666
-0.15726,0.58042
0.06505,0.04712
-0.23362,0.63703
-0.1801,0.46903
-0.19642,0.56167
-0.27585,0.6544
0.07255,0.02161
-0.23956,0.6325
-0.23235,0.6057
-0.259,0.64489
-0.29719,0.60074
-0.36071,0.627
0.0151,0.20868
0.03093,0.23228
-0.02786,0.35614
-0.07641,0.51169
-0.19224,0.58247
-0.15429,0.52573
-0.29061,0.66807
-0.1097,0.49742
-0.28702,0.64998
-0.29467,0.64229
-0.2986,0.64254
-0.14278,0.53157
0.03512,0.3035
-0.12382,0.46794
-0.2042,0.59277
-0.1638,0.58408
-0.06913,0.4411
-0.21229,0.55813
-0.20812,0.54118
-0.20213,0.58591
-0.17837,0.60667
-0.33456,0.60368
-0.23269,0.62215
-0.07305,0.40995
-0.10606,0.51946
0.04757,0.20048
-0.22253,0.5935
0.00488,0.28336
-0.06889,0.3912
-0.00822,0.33847
-0.0479,0.29775
-0.00774,0.23114
-0.22296,0.62114
-0.26904,0.65022
-0.17544,0.59171
-0.25275,0.6352
-0.17864,0.52722
-0.32003,0.66414
-0.24546,0.62432
-0.17019,0.54445
-0.06628,0.42738
-0.23869,0.63313
-0.21142,0.61015
-0.20676,0.56773
-0.23095,0.60717
0.04135,0.18349
-0.00036,0.02004
-0.27521,0.58442
-0.18914,0.5839
-0.12704,0.47756
-0.17992,0.57581
-0.23155,0.64464
-0.21594,0.60172
-0.10522,0.51859
-0.26689,0.64859
-0.30722,0.62328
-0.2412,0.55523
-0.03398,0.46376
-0.11235,0.52685
-0.26764,0.60254
0.04735,0.12966
-0.08879,0.49013
-0.19916,0.6134
-0.30157,0.6675
-0.19741,0.50813
-0.00932,0.26507
-0.15809,0.55369
-0.3159,0.68158
-0.1893,0.56292
-0.01876,0.32101
-0.36242,0.61754
-0.05928,0.43267
-0.22861,0.60678
-0.30713,0.61314
-0.17889,0.55539
0.00401,0.22003
-0.03983,0.32113
-0.20415,0.60394
-0.01717,0.33628
-0.18128,0.50079
-0.16795,0.54438
-0.04983,0.02005
-0.26298,0.64756
-0.00287,0.28946
-0.225,0.60697
-0.1799,0.61028
-0.23354,0.6036
-0.32108,0.66498
-0.30382,0.67075
-0.19833,0.56256
-0.03301,0.41083
-0.28843,0.65303
-0.08817,0.5016
-0.03925,0.26405
-0.23058,0.60898
0.11318,0.12877
-0.21147,0.57352
-0.24263,0.623
-0.21437,0.60913
-0.28741,0.62706
-0.20135,0.58626
0.05812,0.29736
-0.12673,0.45549
-0.1294,0.52838
-0.12112,0.54523
-0.29701,0.65407
-0.16685,0.57853
0.03465,0.2907
-0.01804,0.23171
-0.22005,0.5391
-0.17173,0.46754
-0.18259,0.52276
0.09805,0.1351
-0.07297,0.43902
-0.29575,0.60664
-0.02209,0.36566
0.00811,0.23112
-0.30438,0.67022
-0.14288,0.5733
-0.05682,0.39459
-0.22049,0.58712
-0.16454,0.55923
-0.29636,0.65393
-0.19501,0.58517
-0.25617,0.62488
-0.29147,0.64365
-0.28288,0.60262
0.14037,0.11929
0.02342,0.12924
-0.0614,0.42156
-0.245,0.62976
-0.3249,0.69598
-0.20931,0.54668
-0.23801,0.62916
0.09513,0.23506
-0.29222,0.66474
-0.27062,0.57565
-0.25918,0.63046
-0.23434,0.58317
-0.17174,0.57203
-0.19664,0.59068
-0.20392,0.59576
-0.21893,0.59733
-0.21548,0.58204
-0.27033,0.58676
-0.31026,0.6704
-0.19789,0.56485
-0.06956,0.40773
-0.00151,0.20659
-0.03111,0.42648
-0.19645,0.57319
-0.18118,0.53589
-0.06268,0.40327
0.09748,0.07787
-0.14351,0.52779
-0.26816,0.66742
-0.0815,0.44829
-0.32036,0.58394
-0.29981,0.6697
-0.14961,0.54205
-0.13008,0.50837
-0.12873,0.46369
-0.05691,0.39712
-0.30372,0.67436
-0.21328,0.61252
0.04677,-0.00809
-0.14173,0.56325
-0.17236,0.51294
0.08637,0.12449
-0.05173,0.29896
-0.13191,0.51192
-0.23214,0.60695
-0.2426,0.55854
-0.16475,0.55736
-0.30985,0.61743
-0.38061,0.62906
-0.14758,0.46852
-0.28065,0.58638
-0.22448,0.58445
-0.32181,0.67035
-0.03446,0.34355
-0.32742,0.7024
-0.31987,0.65527
-0.27312,0.64548
-0.27443,0.68092
0.09211,0.0741
-0.0067,0.16215
-0.23066,0.63569
-0.1843,0.57307
-0.14344,0.50985
-0.22693,0.5982
-0.20942,0.61548
0.05054,0.26426
-0.08503,0.40551
-0.25907,0.63323
-0.04168,0.36341
-0.16236,0.58029
0.01056,0.25786
-0.05524,0.34185
-0.04759,0.33881
-0.20437,0.61522
-0.0014,0.34517
-0.20953,0.58444
-0.2577,0.63822
-0.30576,0.666
-0.17397,0.54389
-0.08807,0.41495
-0.19061,0.56006
-0.27539,0.62443
-0.15188,0.51152
-0.19444,0.6
-0.06479,0.42484
-0.29319,0.64636
-0.24482,0.64923
-0.2851,0.64485
-0.01783,0.36067
-0.19767,0.58506
-0.31447,0.6246
-0.22973,0.60284
-0.33849,0.63254
-0.20664,0.52529
-0.05685,0.31519
-0.17837,0.61038
0.00999,0.30968
-0.25179,0.55771
-0.01815,0.29142
-0.08831,0.39671
-0.14687,0.55826
0.10968,0.1156
-0.22018,0.59787
-0.15039,0.46622
-0.28212,0.64328
-0.22578,0.54579
-0.31963,0.64276
-0.10526,0.45115
-0.30189,0.65846
-0.08755,0.47367
0.04617,0.14042
-0.32203,0.69603
-0.11262,0.46153
-0.14071,0.53336
-0.06952,0.40958
-0.26813,0.63314
-0.19526,0.5354
-0.02896,0.12016
-0.06639,0.43578
-0.106,0.45653
-0.14958,0.53639
-0.24065,0.63513
0.11528,0.09587
-0.1468,0.51737
-0.27282,0.64971
-0.11468,0.51184
-0.29057,0.64403
-0.25291,0.58062
-0.23816,0.59397
0.04762,0.16681
-0.25958,0.58723
-0.26098,0.62852
-0.22368,0.59346
-0.24354,0.61248
-0.1558,0.55421
0.05574,0.13758
-0.04552,0.41135
-0.06298,0.46192
-0.27389,0.59264
0.07197,-0.00144
-0.2404,0.63686
0.03931,0.12805
-0.24916,0.60809
0.01089,0.24554
-0.02205,0.2144
-0.18555,0.59779
0.0745,0.05859
-0.084,0.44885
-0.00075,0.28919
-0.32227,0.64854
-0.20152,0.60474
-0.03839,0.3069
-0.14094,0.53763
-0.19221,0.51049
-0.32638,0.64623
-0.28653,0.59272
0.11628,0.07194
-0.26258,0.57484
-0.03267,0.3452
-0.05055,0.35394
-0.06284,0.4711
-0.23858,0.65248
-0.17073,0.59855
-0.00235,0.17314
-0.05024,0.36022
-0.05739,0.30836
-0.33506,0.59749
-0.36629,0.61918
0.05468,0.11973
-0.01854,0.24978
0.07885,0.14983
-0.25486,0.55652
-0.2199,0.53787
0.03103,0.23674
0.11858,0.11534
-0.12867,0.50456
-0.27783,0.63717
-0.26701,0.62408
-0.13636,0.52305
-0.09341,0.49329
-0.03545,0.30511
-0.23201,0.61998
0.01932,0.2814
-0.1731,0.5515
0.01368,0.25939
0.0008,0.1555
-0.07725,0.4335
-0.16833,0.47506
-0.3025,0.65825
-0.25127,0.62001
-0.17562,0.5315
-0.09649,0.50603
0.03119,0.23335
-0.07548,0.47174
-0.24446,0.63935
-0.22613,0.58726
-0.25952,0.55208
-0.14389,0.50804
-0.27341,0.65322
0.0757,0.23318
-0.23149,0.62312
0.10561,0.11189
0.02646,0.20747
-0.17963,0.58168
-0.10851,0.42614
-0.02675,0.32442
-0.03045,0.2923
-0.03106,0.36898
-0.22663,0.6171
-0.17804,0.56348
-0.17278,0.53415
0.03782,0.0592
-0.26047,0.64854
-0.1508,0.49816
-0.16688,0.58276
-0.27674,0.62623
-0.09376,0.42877
-0.18513,0.56195
-0.18319,0.596
-0.31062,0.68415
-0.02476,0.30133
-0.30572,0.65076
-0.29275,0.65739
-0.2743,0.63963
-0.26548,0.65445
-0.29611,0.66327
0.09208,0.10706
-0.14081,0.51778
-0.21726,0.57324
-0.11475,0.52986
-0.0488,0.46765
-0.35395,0.6156
-0.22889,0.61993
-0.1708,0.57188
-0.21585,0.59368
-0.16342,0.54396
0.02431,0.22821
-0.38683,0.64018
-0.22351,0.58908
-0.22304,0.62231
-0.15922,0.52595
0.11888,0.21693
0.08957,0.1218
0.11312,0.04507
-0.03285,0.28678
-0.04041,0.35525
-0.21142,0.58692
0.00144,0.22001
-0.22225,0.64197
-0.08066,0.35608
-0.10281,0.40162
-0.22661,0.62285
-0.23696,0.61499
-0.18902,0.58938
-0.32054,0.67576
-0.29636,0.66902
-0.23865,0.62258
-0.16187,0.55882
-0.13941,0.42048
-0.30833,0.66203
-0.2969,0.65894
-0.0594,0.33773
0.05636,0.33854
0.05024,0.12574
0.1139,0.11424
-0.42122,0.67057
-0.19762,0.58156
-0.21567,0.52604
-0.22842,0.59067
0.00992,0.19364
-0.18913,0.56017
-0.22005,0.627
0.08624,0.24319
-0.34779,0.65233
-0.23214,0.62151
-0.0545,0.36856
0.14604,0.10265
-0.28771,0.67349
-0.05962,0.41388
-0.28732,0.59389
-0.10255,0.47872
-0.11002,0.44909
-0.12169,0.51564
-0.18327,0.56961
-0.15999,0.58049
-0.23544,0.611
-0.28132,0.59081
-0.24448,0.63467
-0.27668,0.68354
-0.13182,0.51574
-0.26525,0.58485
-0.10413,0.51986
-0.29603,0.64097
0.08537,0.10883
-0.25118,0.62127
-0.11188,0.52004
0.0966,0.11037
-0.30053,0.65077
-0.20328,0.57269
0.03209,0.17528
0.03403,0.1778
-0.18982,0.58345
0.05344,0.15994
-0.13381,0.48496
0.08264,0.15985
0.13712,0.09296
-0.25166,0.64183
-0.01116,0.2418
-0.32215,0.68075
0.07371,0.20531
-0.30919,0.66435
0.08274,0.21533
0.00629,0.2476
-0.2158,0.57201
-0.21698,0.57573
-0.13835,0.52917
-0.18612,0.54265
-0.18769,0.5485
-0.31193,0.67407
-0.18581,0.50779
-0.24534,0.60514
-0.12028,0.53004
-0.22926,0.54157
-0.2195,0.60946
0.10584,0.15184
-0.0959,0.48898
-0.34037,0.69448
-0.20853,0.60187
-0.3321,0.70286
-0.16918,0.57889
-0.16712,0.56581
-0.00593,0.05016
0.07937,0.09132
0.02388,0.17474
-0.28432,0.67104
-0.2339,0.61704
-0.21473,0.53631
-0.02262,0.26427
-0.09459,0.43089
0.07796,0.25167
-0.23523,0.55545
-0.05301,0.37351
-0.25702,0.60745
-0.24408,0.62512
-0.06468,0.3733
-0.24476,0.60689
-0.11999,0.39162
-0.24973,0.58303
0.00779,0.28192
0.04413,0.20534
-0.13538,0.44927
-0.10079,0.42439
-0.23456,0.60909
0.00093,0.23139
-0.1957,0.59296
-0.27828,0.67388
-0.28961,0.65557
-0.25462,0.63691
0.08803,0.29708
-0.12431,0.50142
-0.18699,0.54531
-0.22752,0.61437
0.05439,0.34955
-0.15862,0.58189
-0.01945,0.34051
0.06562,0.11348
-0.01909,0.34951
0.01882,0.21738
-0.30737,0.63769
0.10398,0.0804
-0.0804,0.47861
-0.217,0.58266
-0.23738,0.6342
-0.15621,0.52743
-0.28973,0.59337
-0.21749,0.59219
0.13141,0.09471
-0.08695,0.40142
-0.1995,0.61944
0.04059,0.16412
-0.03729,0.39589
0.02692,0.19856
-0.14839,0.52846
-0.05326,0.31589
-0.21372,0.60067
-0.3466,0.61813
-0.18458,0.59201
-0.20524,0.58919
-0.03022,0.321
-0.29868,0.60938
0.02421,0.22909
-0.33135,0.64409
-0.11613,0.49655
0.04696,0.05882
-0.05411,0.42539
-0.28086,0.66399
0.10602,0.12305
-0.28068,0.6395
-0.24815,0.6435
-0.16889,0.57092
-0.31166,0.67698
0.10268,0.10332
-0.29906,0.65663
-0.01692,0.37247
-0.21402,0.5779
-0.25126,0.62922
-0.03591,0.01231
-0.22883,0.60952
-0.09026,0.49144
-0.28411,0.6607
-0.311,0.68851
-0.25556,0.57023
-0.16452,0.56542
-0.25887,0.64965
-0.06774,0.392
-0.29747,0.66127
-0.18752,0.57751
-0.05344,0.32667
-0.25064,0.63306
-0.28888,0.64303
-0.17301,0.54673
-0.07611,0.39771
-0.21909,0.61217
-0.15398,0.55838
0.00202,0.26487
0.06833,0.19123
-0.18734,0.54925
-0.0997,0.49088
-0.07648,0.50757
-0.33426,0.62793
-0.00451,0.16593
-0.32042,0.62713
-0.28085,0.65623
-0.32739,0.68868
-0.18717,0.60826
-0.1976,0.58998
-0.33733,0.6836
-0.27071,0.64842
0.01215,0.31644
-0.16404,0.55442
-0.17928,0.55611
-0.32237,0.68597
-0.16614,0.53378
-0.1776,0.53516
-0.27041,0.67659
-0.07569,0.34688
-0.22756,0.63083
-0.29865,0.67638
-0.17375,0.54203
-0.22313,0.54198
-0.14395,0.55232
-0.23707,0.61761
-0.23693,0.62704
-0.24777,0.63582
-0.27108,0.66335
0.01071,0.23091
-0.22334,0.60846
-0.20349,0.61642
0.11479,0.137
-0.23428,0.64144
-0.20136,0.57722
-0.25716,0.63901
-0.29612,0.61706
-0.23113,0.59598
-0.30452,0.65438
-0.14603,0.49786
-0.22168,0.5745
-0.26838,0.59847
0.02484,0.30274
-0.28372,0.64476
-0.23162,0.59076
0.00083,0.23182
-0.11883,0.45654
-0.19279,0.5341
-0.25533,0.62995
-0.18538,0.60558
-0.04336,0.34466
-0.01877,0.25566
-0.21151,0.6094
-0.22051,0.6017
0.0452,0.23816
-0.08032,0.34377
-0.23119,0.57683
0.00145,0.33261
-0.14867,0.52432
-0.02212,0.32259
-0.01666,0.34697
-0.22969,0.55467
-0.12648,0.4922
-0.12414,0.42833
-0.21393,0.58099
0.03892,0.31539
0.00176,0.18938
0.14676,0.08079
-0.00131,0.21939
-0.14304,0.51743
-0.11084,0.44686
-0.00056,0.27076
-0.24959,0.63485
0.09803,0.10723
-0.05129,0.43917
-0.267,0.64171
-0.21558,0.55923
-0.11918,0.52253
-0.23242,0.62407
-0.23443,0.61343
-0.35394,0.61745
-0.14869,0.55019
-0.31731,0.67299
-0.12698,0.48192
-0.1998,0.56595
-0.19465,0.55989
0.15438,0.09739
-0.14875,0.47207
-0.32252,0.70789
-0.14651,0.50241
-0.20612,0.57805
-0.12479,0.47435
-0.09475,0.43645
-0.22733,0.6077
-0.15629,0.56176
-0.2343,0.61627
-0.20929,0.60115
0.00068,0.29122
-0.14291,0.47919
-0.12835,0.42562
-0.06232,0.51915
-0.20453,0.61448
0.02435,0.11455
-0.09819,0.52855
-0.25425,0.56997
-0.32427,0.64753
-0.2871,0.60421
-0.12298,0.53249
-0.2711,0.64919
-0.17871,0.60124
-0.30989,0.63432
0.06608,0.12464
0.01003,0.14695
0.12118,0.08315
-0.33464,0.66053
0.04115,0.23914
-0.14242,0.50734
-0.13164,0.53599
-0.22391,0.61014
0.01583,0.18964
-0.23504,0.64684
-0.08368,0.46429
-0.06441,0.44078
0.09801,0.08378
-0.00888,0.39239
-0.24699,0.58479
-0.23745,0.61459
-0.08623,0.41363
-0.28747,0.66836
-0.27448,0.59467
-0.29667,0.60362
0.0369,0.17079
-0.26026,0.63733
-0.00237,0.36157
-0.39071,0.63936
-0.21442,0.5935
-0.29885,0.67385
-0.26142,0.63365
-0.27608,0.6252
-0.27133,0.65092
-0.0946,0.42023
-0.25265,0.60668
-0.16421,0.57214
-0.16542,0.49759
-0.14072,0.54297
0.09945,0.13095
-0.07283,0.52944
-0.28093,0.64763
-0.16518,0.48572
-0.14576,0.53456
-0.28057,0.56988
-0.16285,0.55938
0.06064,0.13126
-0.10455,0.45594
-0.23416,0.60867
-0.10225,0.48889
-0.16779,0.56457
-0.28602,0.60809
-0.27407,0.67005
0.01739,0.22022
-0.3341,0.70362
-0.31235,0.68592
-0.28897,0.58727
-0.13537,0.54167
-0.22078,0.54991
-0.06994,0.42236
-0.04439,0.41485
-0.2108,0.5675
0.02596,0.16525
-0.1728,0.47358
0.04408,0.22929
-0.07515,0.40705
-0.15007,0.48384
-0.2331,0.59539
-0.22961,0.63053
0.00418,0.23092
-0.20841,0.59153
-0.23525,0.5576
-0.16426,0.54935
-0.30697,0.65038
-0.19784,0.55598
-0.11932,0.48636
-0.10323,0.47811
-0.29331,0.63504
-0.10608,0.44663
-0.15922,0.54631
-0.22556,0.55545
-0.27801,0.65316
-0.21835,0.59064
-0.25372,0.62421
-0.26287,0.64598
-0.12322,0.49569
-0.044,0.34192
-0.2456,0.6214
-0.03091,0.3669
-0.23409,0.60686
-0.32077,0.61583
-0.27838,0.65291
0.01048,0.32091
-0.18202,0.58056
-0.29245,0.65808
-0.08274,0.42909
-0.24695,0.56077
-0.33759,0.66593
-0.24858,0.61476
-0.21026,0.52515
-0.24224,0.58169
-0.00365,0.30216
-0.07323,0.42655
-0.24547,0.54695
-0.13301,0.45311
-0.25726,0.64544
-0.28211,0.64959
-0.09755,0.49445
0.05037,0.16304
0.01442,0.36452
-0.0428,0.29111
-0.09197,0.45523
-0.18207,0.55258
0.06855,0.11111
0.04901,0.27456
-0.14701,0.53901
-0.22596,0.58798
-0.21792,0.60728
-0.13153,0.48535
-0.20259,0.60502
-0.13862,0.52907
-0.2064,0.62409
0.05496,0.19823
-0.20951,0.56492
-0.28772,0.65955
-0.23545,0.59844
-0.1911,0.57749
-0.22688,0.61084
-0.23122,0.60176
-0.11419,0.44883
-0.17188,0.52747
-0.31272,0.67972
-0.17119,0.56273
-0.25012,0.61811
-0.2361,0.59413
-0.18893,0.57394
-0.17337,0.54355
-0.23153,0.59313
-0.13933,0.50292
-0.16063,0.52155
0.04275,0.07392
-0.16168,0.56592
0.03643,0.3119
-0.19823,0.5474
-0.26649,0.65377
-0.11373,0.43291
-0.32605,0.63318
-0.23312,0.62215
-0.06843,0.38494
-0.10768,0.45172
-0.1306,0.43816
-0.02252,0.23192
-0.15244,0.48847
-0.30702,0.61253
-0.07586,0.45258
-0.18819,0.48659
-0.12207,0.45209
-0.11427,0.52482
-0.19973,0.57908
0.07921,0.14225
-0.23066,0.62991
-0.18845,0.5686
-0.23722,0.54924
-0.04357,0.37303
-0.33144,0.66968
-0.26574,0.62683
-0.08259,0.50481
-0.06098,0.35965
-0.19914,0.55697
-0.20439,0.58285
-0.21218,0.52566
-0.19282,0.57243
-0.03473,0.35168
-0.20599,0.62586
-0.0384,0.39088
-0.31839,0.61578
-0.2491,0.6015
-0.18349,0.52865
-0.08429,0.43792
-0.23629,0.62632
-0.15352,0.55838
-0.17826,0.54212
0.10303,0.11315
-0.30452,0.60646
0.03231,0.15078
-0.21147,0.55923
-0.17456,0.52193
-0.33918,0.7016
-0.20831,0.62609
-0.34488,0.69856
-0.28463,0.66582
-0.08117,0.44793
-0.03462,0.35881
-0.23828,0.61221
-0.19633,0.58073
-0.31112,0.63347
-0.08561,0.41074
-0.19953,0.60957
-0.10295,0.45389
-0.11376,0.51635
-0.15967,0.51389
-0.16477,0.51785
-0.24682,0.60504
-0.25305,0.64083
-0.30283,0.66725
-0.07495,0.45813
-0.27686,0.67268
0.10287,0.12625
-0.11538,0.49451
-0.1782,0.60195
-0.17676,0.58346
-0.01596,0.38122
-0.22824,0.62815
-0.33054,0.68147
-0.26653,0.61871
-0.17188,0.50685
-0.23685,0.60815
0.01967,0.27115
0.03257,0.21278
-0.00254,0.2422
-0.25814,0.6023
-0.19874,0.58371
0.07505,0.28306
-0.16742,0.58664
-0.23297,0.62801
-0.25275,0.63064
-0.16692,0.57551
-0.15027,0.49924
-0.2259,0.6067
-0.21086,0.5857
-0.11135,0.46011
-0.24587,0.55962
-0.24762,0.63364
-0.13456,0.52568
-0.22939,0.63444
-0.30547,0.67803
-0.16062,0.52503
-0.19904,0.58553
-0.2291,0.60012
-0.19399,0.5942
-0.26007,0.62907
-0.27913,0.67328
0.05121,0.16905
-0.16957,0.4925
-0.02129,0.34569
-0.20199,0.60328
-0.02699,0.25645
-0.23602,0.63119
-0.27794,0.65524
-0.00976,0.24918
-0.14565,0.51239
-0.05837,0.40359
-0.31263,0.66805
-0.31721,0.69141
-0.29999,0.63856
0.06947,0.11512
-0.18486,0.56022
0.0301,0.28387
0.0047,0.20832
0.0017,0.36707
-0.26853,0.58549
-0.15956,0.55536
-0.11351,0.51759
-0.21449,0.62516
-0.19908,0.59694
-0.06892,0.44989
-0.21218,0.58445
-0.25853,0.59379
-0.19186,0.53027
0.11822,0.09558
0.09765,0.13023
-0.09135,0.43183
-0.14445,0.45413
-0.21339,0.59111
-0.29803,0.66588
-0.17086,0.54633
-0.16498,0.48982
-0.2028,0.6029
-0.32112,0.69624
-0.25187,0.59786
-0.00194,0.37533
-0.34466,0.60991
-0.36136,0.71515
-0.14842,0.48224
-0.30991,0.5969
-0.15319,0.5209
-0.14434,0.41035
-0.3024,0.67467
-0.28065,0.61803
-0.01114,0.30491
-0.00084,0.24453
-0.18012,0.54753
-0.15331,0.51961
-0.12085,0.54818
0.07522,0.1199
-0.19582,0.52346
-0.27115,0.67536
-0.31527,0.6871
-0.00304,0.17959
-0.18862,0.59298
-0.19964,0.5388
0.06277,0.12472
-0.3274,0.688
-0.22674,0.64139
-0.33468,0.64011
-0.10848,0.48668
-0.06576,0.41909
-0.1931,0.58724
0.03155,0.05862
-0.25219,0.65032
-0.0703,0.46571
-0.29359,0.67182
0.07231,0.07731
0.00635,0.25275
-0.18491,0.51131
-0.25946,0.60993
-0.33864,0.70707
-0.04052,0.35344
-0.19391,0.59507
-0.14621,0.57778
-0.32409,0.63092
-0.33691,0.6919
-0.05077,0.33992
-0.16548,0.51582
0.08487,0.13795
-0.08382,0.47283
-0.20033,0.58771
-0.09963,0.44724
-0.05773,0.33584
-0.20382,0.59417
-0.1076,0.45322
-0.20655,0.5791
-0.18018,0.56819
0.05366,0.21172
0.1115,0.0861
-0.0502,0.38143
-0.10328,0.41833
-0.14155,0.5272
0.07213,0.27175
-0.12588,0.56231
-0.29579,0.63443
-0.02593,0.31451
-0.188,0.57515
-0.255,0.62767
-0.28312,0.64472
-0.16223,0.49833
-0.28159,0.64425
-0.31416,0.66877
-0.25447,0.64541
0.00091,0.41858
-0.05181,0.38136
-0.23973,0.63332
-0.19899,0.52123
-0.23683,0.62363
-0.23686,0.5828
-0.17282,0.58362
-0.35117,0.6967
-0.22679,0.59913
-0.21042,0.57128
0.10724,0.10706
-0.07855,0.42962
-0.20882,0.59935
-0.31881,0.6636
-0.29424,0.65283
-0.31534,0.62814
0.1208,0.10804
-0.15373,0.57101
0.07067,0.14599
-0.09939,0.46655
-0.1169,0.47417
-0.22093,0.61221
-0.02111,0.30133
-0.14367,0.55083
-0.09413,0.45246
-0.28372,0.63594
-0.25381,0.59645
-0.29925,0.59809
-0.16909,0.56359
-0.05991,0.43974
-0.29617,0.59944
-0.30482,0.68817
-0.25254,0.6205
-0.05277,0.4516
-0.25974,0.63954
0.02405,0.21318
-0.30403,0.6122
-0.19276,0.53161
-0.29537,0.67749
-0.31958,0.6684
0.01955,0.1818
-0.09294,0.05201
-0.21589,0.62767
-0.2698,0.6211
-0.00311,0.34624
-0.31556,0.6836
-0.05671,0.37125
-0.20038,0.55657
-0.03222,0.07358
-0.07778,0.4644
-0.08204,0.42209
-0.19899,0.58659
-0.12199,0.47218
-0.22924,0.62367
-0.23915,0.61603
-0.11523,0.46534
-0.2012,0.55199
-0.28768,0.67055
-0.29591,0.68582
-0.11486,0.49043
-0.16888,0.55501
-0.176,0.56396
-0.23586,0.661
-0.28178,0.64086
-0.03407,0.21009
-0.28798,0.64554
-0.2366,0.60728
-0.32543,0.67117
-0.31673,0.68564
-0.02421,0.15906
-0.18323,0.57699
-0.13815,0.47995
-0.02001,0.28678
-0.2217,0.61127
-0.09169,0.49215
-0.26835,0.66231
-0.27976,0.64319
-0.01279,0.32369
0.01177,0.09846
-0.29655,0.66317
-0.16943,0.56009
0.06571,0.17649
-0.22983,0.57305
-0.08572,0.51454
-0.23252,0.61497
-0.15075,0.54571
-0.32269,0.69998
-0.15439,0.46916
-0.23321,0.59556
-0.06889,0.37192
0.10001,0.06752
-0.25474,0.62354
-0.10229,0.49793
-0.05041,0.48039
-0.25974,0.59776
0.10889,0.10501
-0.10556,0.51858
-0.32406,0.67832
-0.18048,0.48224
-0.10417,0.47058
-0.14364,0.46913
-0.33705,0.64001
-0.23015,0.62745
-0.13784,0.50053
0.07322,0.09464
-0.13771,0.51193
-0.22249,0.61212
0.04449,0.09031
-0.35027,0.60913
-0.30689,0.62736
-0.01346,0.40171
-0.26644,0.57372
-0.2577,0.59988
-0.32999,0.69878
-0.19699,0.57158
0.10137,0.11844
0.08914,0.08064
0.04966,0.11913
-0.1819,0.57692
0.10333,0.22119
-0.2517,0.62431
-0.18302,0.54662
-0.27259,0.60262
-0.20177,0.52059
-0.28814,0.59928
-0.30087,0.61952
-0.13411,0.47054
-0.30246,0.65891
-0.07279,0.49595
-0.22779,0.61823
-0.30402,0.66431
-0.21008,0.5866
0.04123,0.20407
-0.26282,0.64335
-0.21711,0.57152
-0.00844,0.35488
0.08883,0.07272
-0.03187,0.27338
-0.17262,0.56232
0.0634,0.15207
-0.07258,0.38113
-0.18562,0.60223
-0.10682,0.46524
-0.14515,0.54074
-0.23078,0.54733
0.01681,0.1668
0.07187,0.2166
0.02732,0.32459
-0.19654,0.54193
0.08843,0.10936
0.02965,0.17604
0.10556,0.11761
-0.06765,0.3319
0.09517,0.14145
0.02643,0.1489
-0.21962,0.62192
-0.19076,0.49614
-0.26284,0.60957
-0.21474,0.60674
0.01845,0.31997
-0.30974,0.68544
-0.25713,0.5829
0.00648,0.30163
-0.21115,0.61738
0.12322,0.12481
0.04383,0.03671
-0.04797,0.3878
-0.35454,0.62056
-0.28999,0.64869
-0.2386,0.56901
-0.26573,0.59314
-0.22375,0.5787
-0.19597,0.59762
0.10453,0.20176
-0.11419,0.51572
-0.17576,0.50217
-0.30905,0.6153
-0.18261,0.56879
-0.31527,0.68392
-0.1584,0.59745
-0.14351,0.54022
-0.15039,0.54152
-0.28202,0.64453
0.06072,0.11756
-0.17124,0.52492
-0.3453,0.6945
-0.08809,0.4207
-0.20987,0.58559
0.07218,0.04005
0.06492,0.19681
-0.02767,0.20738
-0.26972,0.63086
-0.10027,0.44225
-0.24462,0.61074
-0.24933,0.60656
-0.23429,0.59101
-0.05512,0.38509
-0.25093,0.64986
0.00977,0.1307
0.06552,0.14326
-0.21633,0.63016
-0.20327,0.56884
-0.29969,0.58772
-0.12259,0.52543
-0.21905,0.61505
-0.26525,0.62146
-0.22811,0.62299
-0.23051,0.62945
-0.00566,0.27233
-0.21159,0.6151
-0.2624,0.57528
-0.1787,0.57169
0.00792,0.25067
-0.28339,0.63958
-0.06758,0.43524
-0.26379,0.6
-0.18939,0.58476
-0.18255,0.54785
-0.2057,0.61536
0.08068,0.03011
-0.27134,0.61282
-0.07162,0.44623
-0.29542,0.6578
-0.18898,0.57013
-0.22444,0.61705
-0.30269,0.6468
-0.02698,0.35734
-0.23667,0.62244
-0.27118,0.62866
-0.16066,0.47014
-0.24368,0.57073
0.11496,0.09835
-0.0391,0.35352
-0.18728,0.52132
-0.21158,0.59332
-0.21296,0.58694
-0.22928,0.63149
-0.22198,0.63036
-0.16874,0.57218
-0.30831,0.68057
-0.12492,0.49723
-0.27201,0.6513
-0.102,0.44282
-0.01776,0.42706
-0.22626,0.63205
-0.03905,0.35929
-0.21711,0.60306
-0.15285,0.53677
-0.01565,0.24895
-0.21448,0.59679
-0.24399,0.61577
-0.23523,0.62241
-0.27191,0.65919
-0.23052,0.62784
-0.1499,0.52973
-0.02278,0.04396
-0.0803,0.45974
-0.04641,0.11051
-0.16695,0.56216
-0.19731,0.59568
-0.11196,0.47329
-0.12104,0.55993
-0.06855,0.47525
-0.29698,0.62209
-0.26161,0.59525
-0.23704,0.64348
-0.18989,0.59285
-0.17106,0.57
-0.30264,0.65619
-0.1979,0.58432
-0.08964,0.45017
-0.26072,0.63341
-0.09005,0.49227
-0.2711,0.64968
-0.31485,0.68168
-0.10792,0.52257
-0.14851,0.46092
0.01355,0.2438
-0.36799,0.62561
-0.25372,0.56394
-0.30936,0.61447
-0.23889,0.55732
-0.06357,0.42363
0.06776,0.09838
-0.06997,0.41021
-0.01657,0.07366
-0.13207,0.48702
-0.16608,0.5611
-0.26264,0.62684
-0.35784,0.71416
-0.34389,0.59757
0.04598,0.19777
0.0985,0.07828
-0.00818,0.23315
-0.11268,0.5408
-0.02816,0.28608
0.04669,0.06619
-0.20373,0.62388
-0.27345,0.61191
0.00201,0.20016
-0.20643,0.60908
-0.13769,0.52605
-0.06973,0.40959
0.03697,0.34603
-0.09112,0.4458
-0.33651,0.68463
0.04365,0.14569
-0.2226,0.60952
0.11026,0.16367
-0.21111,0.53164
-0.30864,0.65585
-0.03232,0.3543
0.09769,0.12384
-0.06263,0.39739
-0.15911,0.56382
-0.25544,0.63613
-0.28376,0.65586
-0.17609,0.58428
-0.19796,0.58355
-0.18914,0.57751
-0.34189,0.63694
-0.08072,0.41528
-0.08887,0.40797
-0.19637,0.5962
-0.0608,0.43551
-0.20026,0.61135
0.0002,0.20624
-0.35239,0.69929
-0.26585,0.62026
-0.03802,0.08625
-0.2958,0.66732
-0.06913,0.48637
0.10378,0.13348
0.03602,0.23427
-0.06636,0.41793
-0.30245,0.68753
-0.24094,0.6007
-0.11198,0.47121
-0.31073,0.66293
-0.15115,0.52477
0.07742,0.249
-0.24136,0.5684
-0.33802,0.68364
-0.27625,0.60083
-0.06625,0.30846
-0.20616,0.58344
-0.32157,0.658
-0.02392,0.3831
-0.13738,0.54659
-0.26821,0.60991
-0.22295,0.55146
-0.22774,0.56039
0.06149,0.29169
-0.02127,0.33969
-0.21345,0.53423
-0.25055,0.64354
-0.29408,0.59733
-0.30838,0.69825
-0.22833,0.59738
-0.16709,0.50933
-0.3179,0.62892
-0.19129,0.56846
-0.14645,0.54287
-0.20794,0.615
0.09145,0.13515
-0.00432,0.32171
-0.16664,0.53992
-0.25025,0.6195
0.02442,0.11531
-0.02491,0.30472
-0.04617,0.302
-0.18196,0.55787
-0.28849,0.65061
-0.32115,0.67975
-0.32875,0.69717
-0.28562,0.64341
-0.02944,0.30815
0.10327,0.09797
-0.19245,0.51414
0.05748,0.13932
-0.18477,0.56588
-0.09676,0.45386
-0.25165,0.63232
-0.31376,0.67389
-0.19587,0.57667
-0.13047,0.52535
-0.18106,0.56717
0.01944,0.15465
-0.25086,0.56823
-0.0526,0.45824
-0.1633,0.55757
-0.06676,0.39658
-0.17622,0.55856
-0.28531,0.66612
-0.14516,0.50132
-0.15796,0.53719
-0.26873,0.64594
-0.23889,0.6046
-0.23056,0.61095
-0.07835,0.42999
-0.24054,0.62911
-0.04542,0.36735
-0.28044,0.65748
-0.06236,0.44761
0.08253,0.07918
-0.29672,0.65953
-0.24318,0.61065
-0.2901,0.58664
-0.00236,0.29563
-0.09179,0.47889
-0.20656,0.59118
-0.18504,0.57951
-0.18797,0.54196
-0.22538,0.62352
0.14655,0.23434
-0.07849,0.35887
-0.25732,0.61502
-0.29827,0.65885
-0.1241,0.54054
-0.35593,0.62267
-0.21413,0.58478
-0.34358,0.70657
-0.31491,0.67372
-0.28276,0.66354
-0.14061,0.49101
-0.22399,0.53011
0.08313,-0.01787
-0.21067,0.58964
-0.21936,0.55734
-0.30011,0.6837
-0.00339,0.33466
-0.2505,0.60234
-0.22439,0.57654
-0.19815,0.51896
-0.20137,0.57266
0.05848,0.23568
-0.21804,0.58059
-0.32392,0.67633
-0.22286,0.59471
-0.25436,0.61683
-0.15978,0.5181
-0.25943,0.63411
-0.23513,0.63531
-0.00139,0.22189
-0.2118,0.5993
-0.19562,0.59443
-0.168,0.53298
-0.22078,0.5868
-0.28258,0.57387
-0.14397,0.50265
-0.18575,0.57843
0.11751,0.06485
-0.20559,0.61162
-0.13144,0.57209
-0.04901,0.33142
-0.33075,0.63875
0.09145,0.10379
-0.20323,0.53612
-0.28359,0.66068
-0.11834,0.51455
-0.18153,0.57362
-0.21514,0.59351
0.01348,0.21176
0.05081,0.1778
-0.23701,0.6371
0.0294,0.22882
-0.23105,0.58213
-0.31985,0.69234
-0.28599,0.64816
-0.27337,0.65144
-0.25164,0.63675
-0.02606,0.4099
0.03054,0.36248
-0.20342,0.54755
-0.27518,0.67427
0.06235,0.18818
-0.13091,0.53656
-0.2746,0.5875
-0.18755,0.50164
-0.32094,0.64514
-0.04182,0.2194
-0.2414,0.62643
-0.26052,0.60339
-0.19848,0.55838
0.09885,0.0452
-0.21591,0.62171
-0.22171,0.62058
-0.28725,0.66829
-0.26046,0.62977
0.02014,0.22611
-0.11263,0.47439
-0.19045,0.54476
-0.28625,0.62002
-0.03795,0.32941
-0.19526,0.581
-0.28979,0.6512
-0.07215,0.50764
-0.25048,0.55212
-0.27942,0.60544
0.10558,0.10571
0.08391,0.17548
0.05886,0.14898
-0.34476,0.60475
-0.22596,0.59833
-0.30348,0.64021
0.10936,0.09602
0.0274,0.19352
-0.04518,0.25922
-0.20955,0.58243
-0.27122,0.60385
-0.21634,0.60093
-0.1401,0.50466
-0.06383,0.35132
-0.28499,0.59225
-0.05529,0.2072
-0.07965,0.40588
-0.12426,0.52028
-0.18419,0.51612
-0.24241,0.66074
-0.16321,0.50958
-0.265,0.57462
0.04066,0.19445
-0.12895,0.48196
-0.04333,0.47078
-0.20238,0.61022
-0.27279,0.64709
-0.27565,0.59326
-0.31783,0.67387
-0.08165,0.51334
-0.21053,0.60213
0.07262,0.12308
-0.09307,0.43563
0.08206,0.18201
-0.07608,0.44234
-0.3777,0.6242
-0.1245,0.53002
0.03608,0.21805
-0.17217,0.55069
-0.22406,0.5941
-0.27625,0.64925
-0.09338,0.46348
-0.17967,0.53495
-0.17038,0.58127
-0.19493,0.59907
-0.08049,0.50253
-0.23775,0.62132
-0.10839,0.43624
-0.17337,0.55005
-0.16072,0.53549
0.01926,0.24124
-0.29263,0.62418
-0.03055,0.35802
-0.0895,0.416
0.09998,0.25476
-0.31917,0.66782
-0.30392,0.68275
-0.08043,0.45816
0.08047,0.13635
-0.06486,0.39818
-0.26035,0.65497
-0.03167,0.37317
-0.31054,0.66797
-0.18595,0.54706
-0.1689,0.55424
-0.27029,0.63831
-0.23034,0.56291
-0.12274,0.54852
-0.2193,0.56631
-0.28694,0.64696
0.01443,0.28008
-0.2463,0.6572
0.03207,0.14503
-0.20044,0.62585
-0.02568,0.27961
-0.27911,0.59723
0.02729,0.14112
-0.0964,0.47662
-0.07412,0.45533
-0.19125,0.52423
-0.25955,0.64948
-0.11839,0.4515
-0.13466,0.52586
-0.28179,0.65076
-0.05425,0.35685
-0.03845,0.30604
0.08401,0.12337
-0.09751,0.46239
0.113,0.10493
0.11,0.12253
0.00309,0.32292
-0.23375,0.6149
-0.26966,0.64117
-0.29607,0.59994
-0.24361,0.57011
-0.17576,0.54388
0.0682,0.22098
-0.14738,0.52643
-0.18936,0.56957
0.10485,0.11924
-0.35792,0.69826
-0.12589,0.43492
-0.19202,0.5931
-0.27271,0.65433
-0.00277,0.30663
0.04345,0.35473
-0.23379,0.60942
-0.09677,0.41482
-0.26376,0.64782
-0.28446,0.6654
-0.12187,0.49792
-0.07603,0.46451
-0.0827,0.47671
-0.24751,0.57163
-0.10981,0.46577
-0.27304,0.65366
-0.18367,0.56705
-0.17136,0.55907
-0.30401,0.66856
-0.24174,0.61682
-0.31366,0.67026
-0.14496,0.5404
-0.34864,0.70394
0.06725,0.10044
-0.12532,0.4678
-0.21803,0.61701
-0.09812,0.42145
-0.21986,0.60127
-0.17844,0.58624
-0.00488,0.26617
-0.17943,0.60866
-0.03289,0.25045
-0.33381,0.68877
-0.20223,0.5808
-0.25461,0.60615
-0.1553,0.5607
-0.10919,0.4382
-0.19606,0.55248
-0.21663,0.57966
-0.32192,0.668
-0.13398,0.56346
-0.21261,0.6276
-0.01426,0.06862
-0.18895,0.55457
-0.22217,0.59958
-0.08851,0.46728
-0.18931,0.57606
-0.16466,0.57618
-0.26696,0.63726
-0.16872,0.59308
-0.35988,0.69847
-0.3434,0.69337
-0.06828,0.46427
-0.21775,0.6013
-0.32285,0.61618
-0.01301,0.33227
-0.09819,0.45625
-0.39265,0.64384
0.00255,0.20625
-0.14769,0.53539
0.00393,0.20594
-0.30031,0.66379
-0.31504,0.68495
-0.20432,0.61512
0.05055,0.09095
-0.01838,0.43988
-0.17635,0.52649
-0.30216,0.67805
-0.2666,0.62364
-0.20235,0.57295
-0.2927,0.6664
-0.28194,0.67062
-0.17035,0.58254
-0.21417,0.5631
-0.20566,0.60698
0.06592,0.1441
-0.31098,0.65375
-0.22664,0.60437
-0.22624,0.62997
-0.1665,0.56519
0.02813,0.16163
-0.30722,0.6808
0.01538,0.23315
0.10203,0.08656
-0.10262,0.44838
-0.22047,0.59647
-0.02877,0.3252
0.12807,0.10619
-0.11623,0.45455
-0.37155,0.62467
-0.27318,0.5854
-0.29172,0.6084
0.01101,0.38629
-0.12989,0.44702
-0.27339,0.58266
-0.32011,0.64576
0.04462,0.1613
-0.2754,0.65783
-0.00269,0.25669
-0.20218,0.59722
0.03018,0.18106
-0.1219,0.43846
-0.13626,0.49042
-0.13222,0.50759
-0.17739,0.55556
-0.15904,0.5687
-0.2217,0.5897
-0.32046,0.68826
-0.25965,0.63485
-0.21328,0.58476
-0.12068,0.53987
-0.29158,0.66471
0.05797,0.17115
-0.08781,0.32218
-0.21289,0.5254
-0.12466,0.44211
-0.06601,-0.00376
-0.39065,0.63661
-0.08005,0.38448
-0.11241,0.49965
-0.26681,0.64365
-0.19206,0.52181
-0.22665,0.55437
-0.23261,0.6356
-0.31508,0.63527
-0.15861,0.55492
-0.26613,0.65382
-0.23234,0.61772
-0.20661,0.60077
-0.21238,0.60034
-0.12655,0.49879
-0.09204,0.48275
0.05835,0.12563
-0.05568,0.33682
0.0655,0.19405
-0.247,0.62001
-0.39142,0.63766
-0.19527,0.61019
-0.27325,0.62918
-0.08825,0.45266
-0.08416,0.38072
-0.05071,0.32476
-0.11556,0.44372
-0.20685,0.60553
0.11975,0.08038
-0.08046,0.39177
-0.05597,0.44987
-0.24412,0.62444
-0.24876,0.64322
0.01883,0.19357
-0.19293,0.59138
0.03707,0.11858
-0.19339,0.55559
0.04688,0.14234
0.07301,0.12768
-0.20469,0.60417
-0.30271,0.5893
-0.05781,0.37949
-0.22704,0.60035
-0.20064,0.57692
-0.23316,0.59068
-0.3005,0.64608
-0.11758,0.46054
-0.21353,0.63177
-0.16841,0.47216
-0.27327,0.60133
0.02995,0.17529
-0.22682,0.53153
-0.24164,0.64159
-0.24883,0.63762
-0.21363,0.60181
-0.23177,0.62118
-0.00444,0.26862
-0.26004,0.57319
-0.22541,0.62612
-0.2332,0.65078
-0.25173,0.61819
0.00714,0.27728
0.05083,0.18142
-0.2491,0.62736
-0.26031,0.5484
-0.2653,0.58476
-0.02764,0.30164
-0.24823,0.64358
-0.11052,0.46688
-0.20083,0.60168
-0.19863,0.61623
0.00872,0.15116
0.12729,0.08373
0.00783,0.28712
-0.21392,0.59733
-0.23856,0.60745
-0.32911,0.68146
-0.0706,0.42857
-0.01767,0.34857
0.05653,0.09444
-0.26888,0.58883
-0.24164,0.59208
-0.19954,0.59383
-0.20414,0.60446
-0.1593,0.58419
0.05043,0.10636
-0.22873,0.64143
0.10077,0.10776
-0.29327,0.64565
-0.13894,0.54408
-0.28879,0.60508
-0.22847,0.62359
-0.01338,0.39441
-0.22742,0.61682
-0.29159,0.64712
0.01706,0.14398
0.13426,0.14023
0.09635,0.3079
-0.0829,0.47006
-0.22301,0.61154
-0.14567,0.56982
-0.00365,0.40166
-0.30861,0.66236
-0.2207,0.58191
-0.07076,0.38315
-0.20457,0.57727
-0.20693,0.62879
-0.09352,0.38119
0.09202,0.11567
-0.13678,0.54415
-0.09208,0.47013
-0.07144,0.41652
-0.22529,0.60597
0.04876,0.09291
-0.02263,0.24427
-0.19015,0.58377
-0.00584,0.2444
-0.25485,0.59552
-0.07468,0.43283
-0.00259,0.06068
0.00893,0.21305
-0.11958,0.51328
-0.19052,0.57442
-0.29565,0.6518
-0.09225,0.48388
0.02073,0.24428
-0.12986,0.46669
-0.1985,0.5686
0.0238,0.341
-0.32036,0.67962
-0.21566,0.61817
-0.03555,0.35404
-0.22939,0.61456
-0.14998,0.51614
-0.01022,0.34582
0.01489,0.29397
-0.18439,0.60866
-0.13934,0.55574
-0.03061,0.28639
-0.09773,0.4929
-0.01068,0.35146
-0.07135,0.44502
-0.14952,0.57933
-0.20389,0.61201
-0.08693,0.47792
-0.16173,0.53391
-0.30956,0.65699
-0.16183,0.53111
-0.17459,0.50806
0.1109,0.03472
0.08358,0.11819
-0.02643,0.38929
-0.30832,0.62979
-0.19854,0.60733
-0.23529,0.61585
-0.1596,0.51503
-0.29092,0.64799
-0.29215,0.66345
-0.22318,0.58703
-0.08862,0.49695
0.07903,0.10133
-0.24206,0.62557
-0.02275,0.35882
-0.09467,0.41467
-0.05311,0.34888
-0.16143,0.56353
0.09603,0.12619
-0.23188,0.61109
-0.12882,0.55141
-0.22529,0.59276
-0.08548,0.49209
-0.24956,0.60233
0.05263,0.2094
-0.25937,0.64622
0.00742,0.21551
-0.11434,0.45609
-0.0386,0.38899
-0.16931,0.56359
-0.26003,0.6508
-0.25544,0.57876
0.01946,0.28032
-0.17564,0.55599
-0.2569,0.63733
0.07086,0.12897
-0.2241,0.59908
-0.29906,0.58528
-0.08718,0.47679
-0.19492,0.5702
-0.03553,0.37194
-0.17394,0.5611
-0.24819,0.60896
-0.10893,0.50952
-0.1938,0.5436
-0.29458,0.66985
-0.19879,0.58401
-0.28553,0.66455
-0.28838,0.67431
-0.27979,0.65517
-0.14994,0.56857
-0.0035,0.24545
-0.30767,0.67283
0.0075,0.25384
-0.22925,0.6079
0.06412,0.10183
-0.23156,0.6232
-0.02258,0.39148
0.03047,0.13001
-0.21805,0.5754
0.06883,0.20952
-0.29331,0.56754
0.02418,0.24728
-0.27243,0.63066
-0.17029,0.57963
-0.16284,0.49799
-0.26835,0.6453
-0.17314,0.54511
-0.23475,0.58695
-0.24433,0.63404
-0.12444,0.54031
-0.05161,0.44189
-0.05022,0.39769
-0.06701,0.36255
-0.01901,0.29876
0.04063,0.19054
-0.23873,0.63998
-0.26407,0.63206
-0.14516,0.51851
0.02653,0.29066
-0.32267,0.6431
-0.12522,0.45445
-0.0112,0.31998
-0.26381,0.62577
0.0413,0.2849
-0.08302,0.38627
-0.27288,0.66085
-0.05412,0.38243
-0.19732,0.62412
-0.12816,0.52494
0.01525,0.33345
-0.08446,0.43398
-0.22108,0.60311
-0.261,0.62659
0.07233,0.14797
-0.1143,0.50241
-0.1716,0.57457
-0.20838,0.62404
-0.33364,0.64893
-0.14273,0.56174
0.0,0.18826
0.03095,0.34549
0.0305,0.37033
-0.20185,0.56084
-0.14669,0.54573
0.12067,0.15135
-0.2299,0.62464
-0.21919,0.61807
0.06279,0.20769
0.12259,0.17775
-0.12505,0.53512
0.10175,0.09986
0.0164,0.21093
-0.29637,0.64843
-0.12156,0.40451
-0.00639,0.34854
0.10657,0.11117
-0.16876,0.5485
-0.20776,0.57631
-0.21154,0.57697
-0.1624,0.54603
-0.22445,0.55152
-0.25668,0.64137
-0.18313,0.51676
-0.29577,0.60068
-0.36073,0.63036
0.0751,0.174
-0.28527,0.65459
-0.15763,0.48066
-0.35691,0.62834
-0.26582,0.5745
-0.13539,0.51326
-0.25856,0.58333
-0.28136,0.63802
0.00331,0.21999
-0.25812,0.58158
-0.26993,0.62715
9e-05,0.29219
0.02714,0.2626
-0.16352,0.55273
-0.20167,0.58889
-0.35574,0.66633
-0.04175,0.39245
-0.24422,0.6402
-0.12745,0.50375
-0.09886,0.49977
-0.32066,0.66992
-0.19095,0.51973
0.02739,0.10802
-0.16633,0.56968
-0.19057,0.60073
-0.23285,0.63769
-0.22466,0.6305
-0.01979,0.38876
-0.34418,0.61162
-0.08973,0.49746
-0.17743,0.54859
-0.22161,0.60272
-0.20332,0.60072
-0.25044,0.63469
-0.17166,0.51876
-0.24441,0.61372
-0.3312,0.62574
-0.24035,0.64508
-0.04407,0.36751
0.02545,0.24936
-0.19714,0.61816
-0.19671,0.58162
-0.25917,0.61206
-0.1735,0.51522
0.14329,0.13341
-0.29948,0.66718
0.08394,0.26437
-0.20321,0.60197
-0.09792,0.4909
0.10392,0.07599
-0.09462,0.45628
-0.03324,0.40873
0.0878,0.1403
-0.17125,0.55251
-0.02613,0.24333
-0.27387,0.64854
-0.18981,0.58154
-0.18528,0.59795
0.00915,0.36827
-0.08378,0.39971
-0.3121,0.66968
-0.31936,0.65355
-0.27684,0.66776
0.03521,0.05793
-0.07658,0.36187
-0.20308,0.51731
0.02965,0.18872
-0.02347,0.33598
-0.08666,0.44704
0.04979,0.14806
-0.30627,0.68325
-0.31751,0.68773
-0.14801,0.51051
-0.05317,0.39562
-0.2579,0.60861
-0.08067,0.48202
0.01621,0.21832
-0.28174,0.646
-0.34324,0.70274
-0.13098,0.47967
-0.17717,0.57487
-0.21443,0.6025
-0.2536,0.58957
-0.18529,0.57892
-0.07508,0.41051
-0.24534,0.62759
-0.18288,0.56457
-0.03848,0.45872
0.10543,0.1584
-0.05486,0.27309
-0.04033,0.43578
-0.24225,0.62759
-0.31938,0.68493
0.06982,0.17483
-0.26094,0.64827
0.06412,0.19191
-0.30123,0.68922
0.0063,0.03253
-0.07651,0.34742
-0.21133,0.61197
-0.09077,0.48894
-0.33128,0.67535
-0.10703,0.47672
-0.19557,0.60506
-0.22403,0.60071
0.04795,0.20261
-0.28734,0.6749
-0.30273,0.67192
-0.23526,0.62814
0.02679,0.17681
-0.0535,0.01709
-0.12441,0.5044
-0.17742,0.5784
-0.23946,0.60685
-0.08904,0.43506
-0.30537,0.67037
0.0329,0.13848
