id,image_date,pixel_count,hectares,bsi,mean_ndvi,compactness,matched_site_reference,lon,lat,season,registered
1165,2025-09-22,5,0.20,0.1392,0.0754,0.628,,-2.1991707281910697,53.08649355014607,Autumn,False
1166,2025-09-22,24,0.96,0.1370,0.1350,0.131,,-2.1759989802404713,53.077043164606856,Autumn,False
1167,2025-09-22,14,0.56,0.1470,0.0895,0.172,,-2.1994551672609783,53.0748424370192,Autumn,False
1168,2025-09-22,7,0.28,0.1214,0.1319,0.449,,-2.2319906965434106,53.07514675539213,Autumn,False
1169,2025-09-22,34,1.36,0.1289,0.0476,0.070,,-2.2187045517448705,53.069588728947714,Autumn,False
1170,2025-09-22,6,0.24,0.1507,0.0559,0.188,,-2.2227345863885697,53.06811333635258,Autumn,False
1171,2025-09-22,5,0.20,0.1057,0.0492,0.157,,-2.213962852748931,53.06789390432699,Autumn,False
1172,2025-09-22,27,1.08,0.1736,0.0417,0.048,0222,-2.2148611183856355,53.06336376706194,Autumn,True
1173,2025-09-22,6,0.24,0.1210,0.0265,0.233,,-2.223807910451972,53.06098862435517,Autumn,False
1174,2025-09-22,10,0.40,0.1091,0.0724,0.097,,-2.2080997296412646,53.06044762375188,Autumn,False
1175,2025-09-22,5,0.20,0.2605,0.0540,0.245,55794,-2.2133762635833993,53.06077029091208,Autumn,True
1176,2025-09-22,14,0.56,0.1162,0.0712,0.065,65870,-2.210328622613729,53.05863113215503,Autumn,True
1177,2025-09-22,6,0.24,0.1161,0.0550,0.156,,-2.218631825505611,53.05840770095174,Autumn,False
1178,2025-09-22,11,0.44,0.1326,0.0959,0.107,,-2.178776531779165,53.05801943010738,Autumn,False
1179,2025-09-22,8,0.32,0.1453,0.0363,0.251,,-2.191090690445859,53.05635081635841,Autumn,False
1180,2025-09-22,10,0.40,0.1794,0.0469,0.097,,-2.1766126600415148,53.055828991767385,Autumn,False
1181,2025-09-22,11,0.44,0.1256,0.0416,0.071,,-2.2125113619491863,53.055828475018814,Autumn,False
1182,2025-09-22,12,0.48,0.2786,0.0923,0.147,,-2.1817818015793145,53.05547809958287,Autumn,False
1183,2025-09-22,16,0.64,0.1166,0.1155,0.196,,-2.2181630421932867,53.0547675889438,Autumn,False
1184,2025-09-22,13,0.52,0.1306,0.0809,0.126,,-2.2202192402301093,53.053554524214235,Autumn,False
1185,2025-09-22,6,0.24,0.1384,0.0503,0.156,,-2.2154792590041086,53.053982062782964,Autumn,False
1186,2025-09-22,7,0.28,0.1143,0.0568,0.112,,-2.188093052230946,53.053100564760186,Autumn,False
1187,2025-09-22,10,0.40,0.1392,0.0919,0.097,,-2.211694132478649,53.05318993269679,Autumn,False
1188,2025-09-22,7,0.28,0.1330,0.0853,0.182,,-2.203995775497186,53.05295117900597,Autumn,False
1189,2025-09-22,6,0.24,0.1372,0.0431,0.188,,-2.195466163717274,53.04974316614081,Autumn,False
1190,2025-09-22,9,0.36,0.1263,0.0696,0.167,,-2.1548782702739526,53.047703798035954,Autumn,False
1191,2025-09-22,10,0.40,0.1152,0.0803,0.109,65593,-2.1895556642538563,53.046712507977254,Autumn,True
1192,2025-09-22,8,0.32,0.1317,0.0637,0.149,,-2.1799736232075104,53.04658841374686,Autumn,False
1193,2025-09-22,41,1.64,0.1206,0.0658,0.030,428,-2.1924933095999077,53.0450762035276,Autumn,True
1194,2025-09-22,5,0.20,0.1160,0.1365,0.245,540,-2.202123458121149,53.046312021240276,Autumn,True
1195,2025-09-22,5,0.20,0.1177,0.0850,0.628,65232,-2.1929336074871917,53.04635790814,Autumn,True
1196,2025-09-22,6,0.24,0.1381,0.1751,0.524,,-2.1500028756680836,53.04529180598422,Autumn,False
1197,2025-09-22,22,0.88,0.1250,0.0705,0.050,68736,-2.1977415582415403,53.044795181605146,Autumn,True
1198,2025-09-22,5,0.20,0.1088,0.0731,0.194,,-2.194635623812545,53.04467939631438,Autumn,False
1199,2025-09-22,24,0.96,0.1235,0.0445,0.041,,-2.211311032169008,53.043256890728706,Autumn,False
1200,2025-09-22,6,0.24,0.1226,0.0574,0.188,0704,-2.204090024000456,53.043208798802745,Autumn,True
1201,2025-09-22,5,0.20,0.1169,0.0779,0.194,294,-2.196933406586316,53.043040841727056,Autumn,True
1202,2025-09-22,8,0.32,0.1140,0.0596,0.175,,-2.1930192722139457,53.04296940677003,Autumn,False
1203,2025-09-22,16,0.64,0.1262,0.0674,0.060,,-2.191237428144174,53.04154144227152,Autumn,False
1204,2025-09-22,6,0.24,0.1291,0.0585,0.156,,-2.187554380231277,53.042078196976895,Autumn,False
1205,2025-09-22,5,0.20,0.1145,0.1266,0.245,,-2.1999422100753896,53.041658735863926,Autumn,False
1206,2025-09-22,10,0.40,0.1188,0.1197,0.123,,-2.2032580324354134,53.04141130144154,Autumn,False
1207,2025-09-22,7,0.28,0.1198,0.0745,0.130,,-2.2092962362007427,53.04050382773688,Autumn,False
1208,2025-09-22,11,0.44,0.1243,0.0683,0.107,,-2.1681622966404848,53.04004818422005,Autumn,False
1209,2025-09-22,19,0.76,0.1272,0.0860,0.055,,-2.1891447658506564,53.038067376633535,Autumn,False
1210,2025-09-22,7,0.28,0.1570,0.1437,0.130,,-2.192833310696639,53.03666899278083,Autumn,False
1211,2025-09-22,8,0.32,0.1463,0.0541,0.112,,-2.1915978974436867,53.035228685085,Autumn,False
1212,2025-09-22,5,0.20,0.1115,0.0752,0.194,,-2.165880232589159,53.03520395290234,Autumn,False
1213,2025-09-22,8,0.32,0.1308,0.0748,0.128,,-2.201190586789229,53.03464174215274,Autumn,False
1214,2025-09-22,5,0.20,0.1068,0.0732,0.157,,-2.1620859238802543,53.03399065320229,Autumn,False
1215,2025-09-22,13,0.52,0.1246,0.0507,0.113,,-2.166392275673384,53.0322091511181,Autumn,False
1216,2025-09-22,13,0.52,0.1950,0.0339,0.160,,-2.170845636591553,53.02968168654363,Autumn,False
1217,2025-09-22,7,0.28,0.1400,0.0896,0.182,,-2.176589186371281,53.02821013966511,Autumn,False
1218,2025-09-22,5,0.20,0.1171,0.0523,0.194,60389,-2.171504075154901,53.028123459274816,Autumn,True
1219,2025-09-22,17,0.68,0.1140,0.0641,0.085,59601,-2.1793940121752224,53.02593603112832,Autumn,True
1220,2025-09-22,11,0.44,0.1178,0.0351,0.096,,-2.188246555098987,53.026163109361285,Autumn,False
1221,2025-09-22,7,0.28,0.1155,0.0589,0.153,64573,-2.1729636608597684,53.02620726392147,Autumn,True
1222,2025-09-22,7,0.28,0.1227,0.0449,0.112,66975,-2.1777920566489657,53.02544451309513,Autumn,True
1223,2025-09-22,8,0.32,0.1389,0.0634,0.251,,-2.1831580887818873,53.02609149724646,Autumn,False
1224,2025-09-22,5,0.20,0.1236,0.1255,0.157,,-2.193745024744371,53.025255778779474,Autumn,False
1225,2025-09-22,36,1.44,0.1245,0.0673,0.037,64239,-2.1757078531049867,53.0232283366639,Autumn,True
1226,2025-09-22,5,0.20,0.1282,0.0180,0.157,,-2.1727307174169024,53.02324162764176,Autumn,False
1227,2025-09-22,17,0.68,0.1210,0.0973,0.121,,-2.1846448240148524,53.02190036128879,Autumn,False
1228,2025-09-22,9,0.36,0.1208,0.0409,0.196,0844,-2.1793555179165907,53.022624284940385,Autumn,True
1229,2025-09-22,91,3.64,0.1484,0.0460,0.041,,-2.161783813394725,53.0217487661928,Autumn,False
1230,2025-09-22,5,0.20,0.1198,0.0925,0.245,,-2.1877829629016174,53.02197894351245,Autumn,False
1231,2025-09-22,6,0.24,0.1092,0.0629,0.188,65194,-2.17383520438699,53.02109778080056,Autumn,True
1232,2025-09-22,6,0.24,0.1290,0.0681,0.385,61710,-2.1788440740213635,53.02164188189917,Autumn,True
1233,2025-09-22,5,0.20,0.1166,0.1108,0.245,,-2.1692540461567957,53.021059877478166,Autumn,False
1234,2025-09-22,9,0.36,0.1102,0.0601,0.144,,-2.1715053958227983,53.02079190775621,Autumn,False
1235,2025-09-22,17,0.68,0.1120,0.0685,0.059,436,-2.179862131458801,53.01975226591586,Autumn,True
1236,2025-09-22,6,0.24,0.1066,0.0475,0.295,60223,-2.172223587150758,53.01961826437865,Autumn,True
1237,2025-09-22,5,0.20,0.1163,0.0445,0.157,53237,-2.1674298661374074,53.01978856946302,Autumn,True
1238,2025-09-22,7,0.28,0.1339,0.0914,0.344,,-2.1748766478322885,53.019722315677235,Autumn,False
1239,2025-09-22,9,0.36,0.1168,0.1277,0.196,,-2.2019552469884434,53.01880265170303,Autumn,False
1240,2025-09-22,5,0.20,0.1140,0.0820,0.157,,-2.1696684094613943,53.018114162354166,Autumn,False
1241,2025-09-22,13,0.52,0.1196,0.0743,0.102,,-2.1925535591835152,53.01584867684859,Autumn,False
1242,2025-09-22,10,0.40,0.1208,0.0862,0.140,,-2.2006281310725644,53.01586311517362,Autumn,False
1243,2025-09-22,22,0.88,0.1291,0.1527,0.082,,-2.164467188062211,53.01445898587811,Autumn,False
1244,2025-09-22,7,0.28,0.1111,0.0710,0.220,,-2.1681186599021616,53.01453828782038,Autumn,False
1245,2025-09-22,12,0.48,0.1141,0.0852,0.168,,-2.169490876524167,53.013126654404864,Autumn,False
1246,2025-09-22,11,0.44,0.1298,0.0901,0.107,,-2.167080279431107,53.01316972702658,Autumn,False
1247,2025-09-22,5,0.20,0.1162,0.1062,0.194,,-2.164945240282369,53.01257941571467,Autumn,False
1248,2025-09-22,11,0.44,0.1231,0.1070,0.540,,-2.1999917296959732,53.01261112069346,Autumn,False
1249,2025-09-22,7,0.28,0.1268,0.0581,0.220,,-2.162223613360049,53.01105514555612,Autumn,False
1250,2025-09-22,9,0.36,0.1261,0.0684,0.144,,-2.158035409209995,53.00986975124897,Autumn,False
1251,2025-09-22,7,0.28,0.1266,0.0823,0.220,,-2.1824662376542685,53.01029705768605,Autumn,False
1252,2025-09-22,15,0.60,0.1160,0.0602,0.070,,-2.1553513925831354,53.00925140597953,Autumn,False
1253,2025-09-22,9,0.36,0.1414,0.0657,0.196,,-2.1799405607141424,53.00924371592581,Autumn,False
1254,2025-09-22,5,0.20,0.1351,0.0405,0.628,,-2.165183059897158,53.009524595509056,Autumn,False
1255,2025-09-22,5,0.20,0.1295,0.0615,0.157,,-2.181173588349205,53.00884468053259,Autumn,False
1256,2025-09-22,12,0.48,0.1290,0.0656,0.192,64620,-2.176327991009399,53.008934076680184,Autumn,True
1257,2025-09-22,12,0.48,0.1220,0.0787,0.116,,-2.2054790627854293,53.00821846000992,Autumn,False
1258,2025-09-22,15,0.60,0.1188,0.0626,0.089,,-2.1617050800433235,53.00748644096064,Autumn,False
1259,2025-09-22,7,0.28,0.1059,0.0559,0.130,,-2.186414392229744,53.00642004963094,Autumn,False
1260,2025-09-22,7,0.28,0.1354,0.1184,0.449,,-2.1631691043160313,53.006207374747376,Autumn,False
1261,2025-09-22,15,0.60,0.1357,0.0725,0.056,,-2.172448920852967,53.00576375592842,Autumn,False
1262,2025-09-22,26,1.04,0.1252,0.0688,0.060,60636,-2.1848903704045317,53.00386089288784,Autumn,True
1263,2025-09-22,16,0.64,0.1305,0.0298,0.064,,-2.130649027629623,53.00415527223229,Autumn,False
1264,2025-09-22,20,0.80,0.1321,0.0548,0.046,,-2.1273860637881112,53.00282561734314,Autumn,False
1265,2025-09-22,86,3.44,0.1420,0.0862,0.032,,-2.2131055853334205,53.0030070846212,Autumn,False
1266,2025-09-22,5,0.20,0.1251,0.1155,0.321,,-2.1995888116352087,53.002749204480025,Autumn,False
1267,2025-09-22,7,0.28,0.1338,0.0656,0.271,,-2.180572233163286,53.002373109709914,Autumn,False
1268,2025-09-22,8,0.32,0.1243,0.0597,0.112,56801,-2.189111356315042,53.000826346392564,Autumn,True
1269,2025-09-22,7,0.28,0.1195,0.0658,0.271,,-2.1775480669925975,53.000194708045434,Autumn,False
1270,2025-09-22,6,0.24,0.1312,0.0575,0.131,,-2.172659547923754,52.99942449775629,Autumn,False
1271,2025-09-22,7,0.28,0.1207,0.0808,0.271,63096,-2.163575966473522,52.998376364364745,Autumn,True
1272,2025-09-22,9,0.36,0.1351,0.1081,0.144,,-2.117616673045018,52.99739065666469,Autumn,False
1273,2025-09-22,6,0.24,0.1423,0.0965,0.524,58748,-2.1609697568669963,52.99775440928634,Autumn,True
1274,2025-09-22,20,0.80,0.1154,0.0978,0.070,,-2.1504066985995443,52.996924270434334,Autumn,False
1275,2025-09-22,5,0.20,0.1100,0.0571,0.157,,-2.151499451586807,52.9959072466306,Autumn,False
1276,2025-09-22,11,0.44,0.1372,0.0305,0.154,,-2.2112478923524925,52.995753060226406,Autumn,False
1277,2025-09-22,5,0.20,0.1400,0.0466,0.321,0142,-2.1801874719328365,52.9948139851609,Autumn,True
1278,2025-09-22,21,0.84,0.1276,0.1314,0.228,,-2.1482793911584666,52.992531490507346,Autumn,False
1279,2025-09-22,8,0.32,0.1205,0.0651,0.393,,-2.138944002744368,52.99265260831626,Autumn,False
1280,2025-09-22,6,0.24,0.1395,0.0551,0.156,,-2.187689691063149,52.992546134447714,Autumn,False
1281,2025-09-22,12,0.48,0.1315,0.0516,0.104,,-2.185770019044959,52.99163403508647,Autumn,False
1282,2025-09-22,6,0.24,0.1140,0.1208,0.188,0238,-2.1290552569442713,52.991711578093096,Autumn,True
1283,2025-09-22,5,0.20,0.1091,0.0694,0.157,,-2.1385348964128883,52.991498960637344,Autumn,False
1284,2025-09-22,7,0.28,0.1131,0.1188,0.220,,-2.170345505083795,52.99169435962714,Autumn,False
1285,2025-09-22,13,0.52,0.1272,0.0528,0.071,,-2.189184745355644,52.99124937629906,Autumn,False
1286,2025-09-22,22,0.88,0.1527,0.0785,0.045,,-2.17626706406075,52.9882914249628,Autumn,False
1287,2025-09-22,12,0.48,0.1223,0.0713,0.085,,-2.136606499249716,52.98784113754995,Autumn,False
1288,2025-09-22,9,0.36,0.1142,0.0898,0.144,62011,-2.1318758882861872,52.988086371317856,Autumn,True
1289,2025-09-22,5,0.20,0.1182,0.0795,0.194,,-2.1683390710864527,52.98800740553778,Autumn,False
1290,2025-09-22,12,0.48,0.1251,0.0660,0.116,,-2.129116920152826,52.987411941693544,Autumn,False
1291,2025-09-22,11,0.44,0.1207,0.0489,0.078,,-2.1954740687612206,52.98739321346088,Autumn,False
1292,2025-09-22,11,0.44,0.1170,0.0671,0.071,,-2.131553345489719,52.986011836889546,Autumn,False
1293,2025-09-22,22,0.88,0.1193,0.1023,0.143,,-2.1764651111971487,52.98499929575493,Autumn,False
1294,2025-09-22,9,0.36,0.1284,0.0961,0.087,,-2.1965421520501223,52.98562429051974,Autumn,False
1295,2025-09-22,5,0.20,0.1390,0.0668,0.157,,-2.1976994963895167,52.985692037229846,Autumn,False
1296,2025-09-22,14,0.56,0.1204,0.0722,0.076,,-2.1369421966709807,52.984701449830524,Autumn,False
1297,2025-09-22,10,0.40,0.1413,0.0913,0.097,860,-2.1233512279847866,52.98498728816052,Autumn,True
1298,2025-09-22,9,0.36,0.1463,0.0125,0.196,,-2.190125496358298,52.98534102983609,Autumn,False
1299,2025-09-22,7,0.28,0.1297,0.0961,0.153,,-2.1309851715449066,52.98463237245655,Autumn,False
1300,2025-09-22,22,0.88,0.1306,0.0591,0.095,,-2.1708911870570367,52.98259871343676,Autumn,False
1301,2025-09-22,7,0.28,0.1076,0.0580,0.182,,-2.1746452993230685,52.98273457892096,Autumn,False
1302,2025-09-22,10,0.40,0.1197,0.0817,0.140,,-2.1239906588501047,52.98136014470199,Autumn,False
1303,2025-09-22,5,0.20,0.1153,0.0553,0.157,67868,-2.141775425815678,52.98134602342189,Autumn,True
1304,2025-09-22,5,0.20,0.1315,0.0170,0.436,,-2.1793122298304963,52.981251477524026,Autumn,False
1305,2025-09-22,12,0.48,0.1251,0.0564,0.071,,-2.1041085216384525,52.978116507722184,Autumn,False
1306,2025-09-22,7,0.28,0.1506,0.0258,0.182,,-2.1710626950574685,52.97646822031434,Autumn,False
1307,2025-09-22,6,0.24,0.1404,0.0998,0.233,,-2.1539182876335428,52.97481062366963,Autumn,False
1308,2025-09-22,11,0.44,0.1137,0.0933,0.086,,-2.178315415957841,52.97384033389123,Autumn,False
1309,2025-09-22,6,0.24,0.1130,0.0755,0.188,,-2.1887284697821334,52.97421423313296,Autumn,False
1310,2025-09-22,7,0.28,0.1778,0.0043,0.271,,-2.1772246415568617,52.96793225876417,Autumn,False
1311,2025-09-22,50,2.00,0.1358,0.0500,0.047,,-2.166244421933197,52.96619444792603,Autumn,False
1312,2025-09-22,8,0.32,0.1337,0.0659,0.128,,-2.1701069716593384,52.96610730737516,Autumn,False
1313,2025-09-22,5,0.20,0.1087,0.0437,0.245,,-2.1668855710167647,52.964444145368404,Autumn,False
1314,2025-09-22,6,0.24,0.1246,0.0837,0.188,,-2.1645018113314527,52.964007892854156,Autumn,False
1315,2025-09-22,5,0.20,0.1564,0.1113,0.245,,-2.1764781944271663,52.9610948887732,Autumn,False
1316,2025-09-22,9,0.36,0.1319,-0.0010,0.098,,-2.1786257880563613,52.951121137870395,Autumn,False
1317,2025-09-22,14,0.56,0.1264,0.0715,0.152,,-2.182901160925281,52.95004329799662,Autumn,False
1318,2025-12-26,12,0.48,0.1240,0.0578,0.085,,-2.18503842630744,53.080566393165064,Winter,False
1319,2025-12-26,12,0.48,0.1197,0.0970,0.094,,-2.176525959185574,53.076807090421035,Winter,False
1320,2025-12-26,15,0.60,0.1739,0.0801,0.184,,-2.199586115010783,53.07483390021844,Winter,False
1321,2025-12-26,5,0.20,0.1214,0.1339,0.245,,-2.172260707838992,53.06958883288495,Winter,False
1322,2025-12-26,6,0.24,0.1248,0.0283,0.188,67450,-2.219582353352527,53.06911152081657,Winter,True
1323,2025-12-26,6,0.24,0.1287,0.0838,0.233,,-2.2227843295550866,53.068113661262245,Winter,False
1324,2025-12-26,10,0.40,0.1227,0.0647,0.140,,-2.2126899541888996,53.064037955288754,Winter,False
1325,2025-12-26,10,0.40,0.1262,0.1263,0.097,,-2.2179638266447737,53.057941847493815,Winter,False
1326,2025-12-26,6,0.24,0.1356,0.0423,0.131,,-2.1419061564577064,53.05739964728716,Winter,False
1327,2025-12-26,5,0.20,0.1436,0.0233,0.321,,-2.19101761186306,53.05626941316105,Winter,False
1328,2025-12-26,5,0.20,0.1174,0.0366,0.194,,-2.2018818025253606,53.05616299479244,Winter,False
1329,2025-12-26,8,0.32,0.1232,0.1302,0.128,,-2.218312428765134,53.05475733353666,Winter,False
1330,2025-12-26,9,0.36,0.1267,0.1007,0.167,,-2.2202463774466645,53.053464037938596,Winter,False
1331,2025-12-26,9,0.36,0.1500,0.0573,0.087,,-2.2118643301918888,53.053129132013574,Winter,False
1332,2025-12-26,5,0.20,0.1325,0.0681,0.194,,-2.204147416066295,53.053049794716,Winter,False
1333,2025-12-26,5,0.20,0.1091,0.0739,0.194,,-2.184071157473455,53.04802346093268,Winter,False
1334,2025-12-26,5,0.20,0.1674,0.1157,0.194,,-2.2011396252772344,53.04788758854743,Winter,False
1335,2025-12-26,6,0.24,0.1457,0.0655,0.188,55902,-2.1991900032989204,53.04737106353797,Winter,True
1336,2025-12-26,5,0.20,0.1272,0.0656,0.245,65593,-2.1900638002018518,53.046662030823725,Winter,True
1337,2025-12-26,7,0.28,0.1233,0.0296,0.182,,-2.179860600202471,53.04664863559203,Winter,False
1338,2025-12-26,12,0.48,0.1136,0.0620,0.094,65232,-2.1946465772936614,53.04569229951431,Winter,True
1339,2025-12-26,5,0.20,0.1315,0.1898,0.436,,-2.150232747780017,53.04523351728287,Winter,False
1340,2025-12-26,12,0.48,0.1352,0.0759,0.104,,-2.1909128633697144,53.04460319481633,Winter,False
1341,2025-12-26,5,0.20,0.1265,0.0462,0.245,,-2.2120331760643226,53.04278223077891,Winter,False
1342,2025-12-26,7,0.28,0.1279,0.1030,0.130,,-2.207930619988483,53.042934778352866,Winter,False
1343,2025-12-26,9,0.36,0.1277,0.0575,0.098,,-2.2017516429321518,53.04239405510716,Winter,False
1344,2025-12-26,6,0.24,0.1270,0.0869,0.156,,-2.154001425917064,53.04169448872041,Winter,False
1345,2025-12-26,6,0.24,0.1314,0.0741,0.131,,-2.191196313316215,53.041413809871166,Winter,False
1346,2025-12-26,5,0.20,0.1176,0.0541,0.157,,-2.1927960625839535,53.03136229298448,Winter,False
1347,2025-12-26,9,0.36,0.1230,0.0363,0.126,,-2.190721739143807,53.027816271521075,Winter,False
1348,2025-12-26,53,2.12,0.1403,0.0252,0.045,,-2.1610649780716913,53.02199159868899,Winter,False
1349,2025-12-26,9,0.36,0.1508,0.0137,0.196,65194,-2.174858653353495,53.02215367854416,Winter,True
1350,2025-12-26,11,0.44,0.1277,0.1267,0.154,,-2.184782553416169,53.02153018195364,Winter,False
1351,2025-12-26,7,0.28,0.1365,0.0641,0.449,61710,-2.1788018084336667,53.021624466938995,Winter,True
1352,2025-12-26,18,0.72,0.1249,0.0586,0.049,,-2.170060799707013,53.02097161776701,Winter,False
1353,2025-12-26,8,0.32,0.1185,0.1414,0.310,,-2.200106932548652,53.01260985249314,Winter,False
1354,2025-12-26,5,0.20,0.1400,0.0287,0.245,,-2.1584605799822087,53.01185049039578,Winter,False
1355,2025-12-26,5,0.20,0.1077,0.0572,0.245,,-2.1913847617361575,53.0111439862774,Winter,False
1356,2025-12-26,5,0.20,0.1424,0.1011,0.194,,-2.1581364858373244,53.01012217791997,Winter,False
1357,2025-12-26,5,0.20,0.1433,0.0254,0.436,,-2.1653043611235017,53.009417570824155,Winter,False
1358,2025-12-26,5,0.20,0.1422,0.0309,0.321,64620,-2.176046500937032,53.00884522653328,Winter,True
1359,2025-12-26,7,0.28,0.1191,0.0543,0.130,,-2.162288758644415,53.00769089553008,Winter,False
1360,2025-12-26,7,0.28,0.1315,0.1603,0.611,,-2.1632522684430286,53.00631069919651,Winter,False
1361,2025-12-26,15,0.60,0.1355,0.0304,0.082,,-2.1307151688175017,53.00401566612686,Winter,False
1362,2025-12-26,36,1.44,0.1323,0.0830,0.032,,-2.2129702433430682,53.00287947424919,Winter,False
1363,2025-12-26,6,0.24,0.1243,0.0895,0.233,60636,-2.1851059740040384,53.00316624700685,Winter,True
1364,2025-12-26,9,0.36,0.1176,0.0847,0.283,,-2.1775302317596963,53.00013750732428,Winter,False
1365,2025-12-26,6,0.24,0.1485,0.0200,0.156,,-2.172711502410431,52.999304996711665,Winter,False
1366,2025-12-26,6,0.24,0.1457,0.0659,0.131,,-2.118489408455904,52.99843594261247,Winter,False
1367,2025-12-26,15,0.60,0.1748,0.0802,0.097,,-2.1171150154425207,52.99763464983217,Winter,False
1368,2025-12-26,6,0.24,0.1139,0.1042,0.188,,-2.1509031853692653,52.99693380994993,Winter,False
1369,2025-12-26,5,0.20,0.1105,0.1225,0.194,,-2.1493393332855555,52.996646948061404,Winter,False
1370,2025-12-26,8,0.32,0.1436,0.0311,0.208,,-2.2113712734824227,52.99567215431683,Winter,False
1371,2025-12-26,13,0.52,0.1204,0.1414,0.113,,-2.1481529066765255,52.992635958341495,Winter,False
1372,2025-12-26,7,0.28,0.1099,0.1421,0.182,0238,-2.12947836813309,52.9918388204924,Winter,True
1373,2025-12-26,11,0.44,0.1436,0.0375,0.096,,-2.1856151570941207,52.99170652652504,Winter,False
1374,2025-12-26,5,0.20,0.1173,0.1131,0.321,,-2.171006803570823,52.99183767037256,Winter,False
1375,2025-12-26,9,0.36,0.1207,0.0784,0.126,,-2.176799518828108,52.988066283883335,Winter,False
1376,2025-12-26,5,0.20,0.1087,0.0509,0.194,,-2.14420766378668,52.98790807878582,Winter,False
1377,2025-12-26,5,0.20,0.1233,0.0321,0.194,,-2.1956444658011782,52.9872603382068,Winter,False
1378,2025-12-26,8,0.32,0.1368,0.0550,0.149,,-2.137234189692178,52.98499894603995,Winter,False
1379,2025-12-26,7,0.28,0.1524,0.0628,0.130,860,-2.123444327011605,52.985013659565354,Winter,True
1380,2025-12-26,5,0.20,0.1543,0.0556,0.194,,-2.1318174751455388,52.98472578197063,Winter,False
1381,2025-12-26,6,0.24,0.1293,0.1063,0.188,334,-2.190536572987856,52.98105873806652,Winter,True
1382,2025-12-26,5,0.20,0.1142,0.1082,0.436,,-2.154355661629042,52.97478376990445,Winter,False
1383,2025-12-26,8,0.32,0.1145,0.0518,0.112,,-2.185773507166681,52.97428392811471,Winter,False
1384,2025-12-26,5,0.20,0.1177,0.0837,0.157,,-2.1818336462326338,52.97393324826294,Winter,False
1385,2025-12-26,5,0.20,0.1276,0.0129,0.321,,-2.165225826260594,52.96712942410718,Winter,False
1386,2025-12-26,6,0.24,0.1230,0.0555,0.188,,-2.17035933007146,52.96653608157047,Winter,False
1387,2025-12-26,26,1.04,0.1268,0.0240,0.071,,-2.1670295357007965,52.96577287022221,Winter,False
1388,2025-12-26,7,0.28,0.1343,0.1135,0.220,,-2.1764587419221977,52.96122317890442,Winter,False
1389,2025-12-26,5,0.20,0.3183,-0.0122,0.157,,-2.168458913932913,52.9569397319447,Winter,False
1390,2026-05-25,6,0.24,0.1249,0.1704,0.295,,-2.1765459762497708,53.07706193343849,Spring,False
1391,2026-05-25,10,0.40,0.1167,0.1464,0.140,,-2.199476107901198,53.074863125453426,Spring,False
1392,2026-05-25,32,1.28,0.1386,0.0570,0.082,,-2.2185810086710847,53.06980538566902,Spring,False
1393,2026-05-25,6,0.24,0.1297,0.0940,0.233,,-2.222684843223014,53.06811301142213,Spring,False
1394,2026-05-25,5,0.20,0.1236,0.1356,0.157,,-2.1787521405982626,53.05787542819038,Spring,False
1395,2026-05-25,5,0.20,0.1105,0.1533,0.194,,-2.220616572770036,53.056466984522324,Spring,False
1396,2026-05-25,5,0.20,0.1297,0.0885,0.321,,-2.1909565898837013,53.056340914976445,Spring,False
1397,2026-05-25,17,0.68,0.1114,0.1268,0.316,,-2.218110561172042,53.05487895279757,Spring,False
1398,2026-05-25,6,0.24,0.1319,0.1219,0.385,,-2.220454648108892,53.05386493956592,Spring,False
1399,2026-05-25,6,0.24,0.1186,0.1120,0.188,,-2.211861778972548,53.05326895309616,Spring,False
1400,2026-05-25,7,0.28,0.1078,0.1075,0.271,,-2.203780772731914,53.05305247850741,Spring,False
1401,2026-05-25,9,0.36,0.3120,0.1445,0.283,,-2.1371932646970238,53.05015388273994,Spring,False
1402,2026-05-25,13,0.52,0.1140,0.0940,0.084,62379,-2.192545749516399,53.04942833792148,Spring,True
1403,2026-05-25,8,0.32,0.1083,0.1095,0.208,60527,-2.197169188273868,53.04841372189027,Spring,True
1404,2026-05-25,5,0.20,0.1056,0.1114,0.245,,-2.1548987048174526,53.04767597546462,Spring,False
1405,2026-05-25,9,0.36,0.1213,0.1024,0.196,67128,-2.195052884921451,53.04612455273021,Spring,True
1406,2026-05-25,5,0.20,0.1119,0.1552,0.321,540,-2.202360112340453,53.046421483374395,Spring,True
1407,2026-05-25,6,0.24,0.1124,0.0998,0.188,62462,-2.1977501743307912,53.04457458574802,Spring,True
1408,2026-05-25,6,0.24,0.1110,0.0749,0.233,,-2.2101060056540356,53.04321893038964,Spring,False
1409,2026-05-25,5,0.20,0.1161,0.0702,0.245,,-2.211849615573503,53.04303272360359,Spring,False
1410,2026-05-25,5,0.20,0.1245,0.1218,0.194,0704,-2.20255972969687,53.04207185346579,Spring,True
1411,2026-05-25,6,0.24,0.1106,0.0828,0.131,,-2.200860168488965,53.03503656431777,Spring,False
1412,2026-05-25,6,0.24,0.1194,0.1065,0.295,59601,-2.1790020729219197,53.02640748612032,Spring,True
1413,2026-05-25,5,0.20,0.1101,0.0520,0.194,,-2.188191135542769,53.02564950442644,Spring,False
1414,2026-05-25,8,0.32,0.1126,0.0963,0.098,66975,-2.1775939827636677,53.02465976014454,Spring,True
1415,2026-05-25,6,0.24,0.1116,0.1133,0.233,64239,-2.176589235894848,53.02261515462686,Spring,True
1416,2026-05-25,19,0.76,0.1293,0.0601,0.123,,-2.159234417733883,53.022085263019,Spring,False
1417,2026-05-25,15,0.60,0.1193,0.1241,0.163,,-2.1848079108019864,53.021622976372434,Spring,False
1418,2026-05-25,35,1.40,0.1375,0.0786,0.140,0410,-2.1623286403227353,53.02190513253645,Spring,True
1419,2026-05-25,5,0.20,0.1213,0.1229,0.436,,-2.187843265753542,53.021943396717944,Spring,False
1420,2026-05-25,5,0.20,0.1050,0.0908,0.157,64923,-2.1739686294974145,53.020876962691354,Spring,True
1421,2026-05-25,15,0.60,0.1476,0.0817,0.209,64923,-2.1758768865210847,53.02087821433478,Spring,True
1422,2026-05-25,7,0.28,0.1060,0.0998,0.153,436,-2.1794820875032075,53.01944596052211,Spring,True
1423,2026-05-25,7,0.28,0.1162,0.1274,0.611,,-2.1749211964463053,53.019619885791556,Spring,False
1424,2026-05-25,8,0.32,0.1215,0.1339,0.175,,-2.2019689124749635,53.01873532108307,Spring,False
1425,2026-05-25,5,0.20,0.1043,0.0846,0.157,,-2.1968159326978896,53.01725779546073,Spring,False
1426,2026-05-25,19,0.76,0.1318,0.1569,0.135,,-2.164212747464122,53.01459741969786,Spring,False
1427,2026-05-25,8,0.32,0.1060,0.1112,0.175,,-2.1668797000084865,53.01390996995092,Spring,False
1428,2026-05-25,5,0.20,0.1171,0.1188,0.321,,-2.1693546312140346,53.01271817114044,Spring,False
1429,2026-05-25,9,0.36,0.1225,0.1329,0.577,,-2.1999814881631083,53.01267643108808,Spring,False
1430,2026-05-25,7,0.28,0.1190,0.1040,0.182,,-2.1621800385128784,53.011106208167256,Spring,False
1431,2026-05-25,6,0.24,0.1193,0.1143,0.188,,-2.15814607115023,53.01014022513839,Spring,False
1432,2026-05-25,5,0.20,0.1121,0.1047,0.321,,-2.1825160714184353,53.01036418063348,Spring,False
1433,2026-05-25,11,0.44,0.1236,0.1072,0.176,,-2.1798934237266394,53.00918890802504,Spring,False
1434,2026-05-25,7,0.28,0.1246,0.0612,0.271,64620,-2.1762339423194095,53.00884138812462,Spring,True
1435,2026-05-25,6,0.24,0.1115,0.0832,0.188,,-2.2047825244315193,53.00827373539944,Spring,False
1436,2026-05-25,6,0.24,0.1430,0.1253,0.524,,-2.163190143651382,53.006220365206275,Spring,False
1437,2026-05-25,5,0.20,0.1295,0.0869,0.157,,-2.1734903161592567,53.005339493856475,Spring,False
1438,2026-05-25,9,0.36,0.1192,0.0659,0.144,,-2.1307937554061698,53.004060190265996,Spring,False
1439,2026-05-25,74,2.96,0.1328,0.1201,0.040,,-2.2132607941894897,53.0029347139243,Spring,False
1440,2026-05-25,11,0.44,0.1320,0.0914,0.154,60636,-2.184642850946876,53.00305955496361,Spring,True
1441,2026-05-25,9,0.36,0.1252,0.0693,0.144,,-2.1267289575615145,53.00199274102098,Spring,False
1442,2026-05-25,6,0.24,0.1048,0.1063,0.233,,-2.177508362330162,53.00041703512841,Spring,False
1443,2026-05-25,5,0.20,0.1135,0.0943,0.436,58830,-2.163493114424602,52.99825763125013,Spring,True
1444,2026-05-25,6,0.24,0.1219,0.1467,0.188,,-2.1175169447223907,52.99740989372995,Spring,False
1445,2026-05-25,5,0.20,0.1333,0.1111,0.436,58748,-2.1609992052959046,52.99777259647145,Spring,True
1446,2026-05-25,16,0.64,0.1184,0.1255,0.104,,-2.1505571793113205,52.99684893302463,Spring,False
1447,2026-05-25,14,0.56,0.1229,0.0731,0.152,,-2.2114332502489686,52.99577530444447,Spring,False
1448,2026-05-25,20,0.80,0.1249,0.1428,0.245,,-2.14834732152669,52.99254053872249,Spring,False
1449,2026-05-25,10,0.40,0.1126,0.0881,0.140,,-2.1385798150881183,52.992236443245574,Spring,False
1450,2026-05-25,10,0.40,0.1312,0.0629,0.160,,-2.184909302176174,52.99250912764104,Spring,False
1451,2026-05-25,5,0.20,0.1085,0.1217,0.157,,-2.179884426606235,52.9919351935456,Spring,False
1452,2026-05-25,10,0.40,0.1138,0.1583,0.218,,-2.1706787371699683,52.99185336200312,Spring,False
1453,2026-05-25,5,0.20,0.1164,0.1560,0.245,0238,-2.1288211375272517,52.99150010260777,Spring,True
1454,2026-05-25,17,0.68,0.1242,0.0979,0.068,,-2.17628831263392,52.98822138518728,Spring,False
1455,2026-05-25,6,0.24,0.1112,0.0713,0.156,,-2.195733724330984,52.9872669351532,Spring,False
1456,2026-05-25,20,0.80,0.1120,0.1228,0.174,,-2.1764828727212073,52.985133447151235,Spring,False
1457,2026-05-25,5,0.20,0.1088,0.1162,0.245,,-2.171129333220579,52.98543785415335,Spring,False
1458,2026-05-25,7,0.28,0.1260,0.1199,0.130,,-2.131533735161271,52.98486754546603,Spring,False
1459,2026-05-25,7,0.28,0.1157,0.1042,0.182,,-2.1370288399278445,52.984625023901614,Spring,False
1460,2026-05-25,6,0.24,0.1096,0.0797,0.188,,-2.1711039743838234,52.98209350413975,Spring,False
1461,2026-05-25,15,0.60,0.1090,0.0935,0.082,,-2.1849044452838395,52.97430194520544,Spring,False
1462,2026-05-25,5,0.20,0.1276,0.0818,0.628,,-2.1651690454100123,52.96698518948523,Spring,False
1463,2026-05-25,7,0.28,0.1171,0.1039,0.130,,-2.1697318634280807,52.96597947372465,Spring,False
1464,2026-05-25,6,0.24,0.1370,0.0645,0.754,,-2.1663482863155745,52.96605853230367,Spring,False
1465,2026-05-25,5,0.20,0.1414,0.0549,0.628,,-2.167942248924037,52.96524264403044,Spring,False
1466,2026-05-25,6,0.24,0.1290,-0.0348,0.131,,-2.178640999692725,52.95119116332645,Spring,False
1467,2026-05-25,11,0.44,0.1160,0.1352,0.286,,-2.1831742006436374,52.95022263493401,Spring,False
914,2026-07-09,8,0.32,0.1093,0.0962,0.128,,-2.199719992608081,53.087872644547744,Summer,False
915,2026-07-09,13,0.52,0.1103,0.0682,0.126,,-2.199174986946813,53.08675911605507,Summer,False
916,2026-07-09,5,0.20,0.1110,0.0997,0.194,,-2.199367894046634,53.08552400599255,Summer,False
917,2026-07-09,6,0.24,0.1147,0.1053,0.295,,-2.175177956909719,53.080947939251196,Summer,False
918,2026-07-09,10,0.40,0.1147,0.0953,0.140,60035,-2.2228975944553633,53.07895579554609,Summer,True
919,2026-07-09,22,0.88,0.1362,0.1345,0.157,,-2.176163237749328,53.076969388742434,Summer,False
920,2026-07-09,24,0.96,0.1171,0.0711,0.045,,-2.2184779909621386,53.07583894550637,Summer,False
921,2026-07-09,14,0.56,0.1456,0.1058,0.152,,-2.1994120474862306,53.074867831394776,Summer,False
922,2026-07-09,10,0.40,0.1306,0.1193,0.491,,-2.231863358610562,53.07511254380361,Summer,False
923,2026-07-09,5,0.20,0.1202,0.0799,0.245,,-2.214202409710729,53.07113172771985,Summer,False
924,2026-07-09,42,1.68,0.1401,0.0379,0.068,,-2.218732884813183,53.06970953114274,Summer,False
925,2026-07-09,5,0.20,0.1095,0.0606,0.157,,-2.2142994073221427,53.06908274899248,Summer,False
926,2026-07-09,7,0.28,0.1571,0.0549,0.344,,-2.222691718187652,53.068125898554484,Summer,False
927,2026-07-09,5,0.20,0.1067,0.0857,0.321,,-2.1638850805922707,53.06740873298466,Summer,False
928,2026-07-09,5,0.20,0.1254,0.1148,0.436,,-2.2144809434227315,53.06566791397756,Summer,False
929,2026-07-09,5,0.20,0.1064,0.0747,0.245,,-2.2082433494229194,53.064008450551704,Summer,False
930,2026-07-09,23,0.92,0.1155,0.0596,0.045,,-2.214740417868482,53.06238960730734,Summer,False
931,2026-07-09,23,0.92,0.1097,0.1002,0.063,,-2.1802771743462332,53.06160998178341,Summer,False
932,2026-07-09,24,0.96,0.1067,0.0762,0.065,,-2.2078523076494183,53.06105576967081,Summer,False
933,2026-07-09,5,0.20,0.1154,0.0411,0.157,0256,-2.2117510807776672,53.06151465967601,Summer,True
934,2026-07-09,5,0.20,0.1233,0.0193,0.245,,-2.223817318895715,53.06101865094948,Summer,False
935,2026-07-09,11,0.44,0.1140,0.0672,0.135,,-2.2165237645312925,53.05896045400541,Summer,False
936,2026-07-09,7,0.28,0.1051,0.0761,0.271,,-2.2047920175127507,53.05832457017909,Summer,False
937,2026-07-09,13,0.52,0.1273,0.1080,0.102,,-2.178634378915688,53.05803227901559,Summer,False
938,2026-07-09,6,0.24,0.1137,0.1245,0.156,,-2.1629268671156567,53.05832849283122,Summer,False
939,2026-07-09,9,0.36,0.1196,0.0405,0.110,,-2.1385978522277114,53.057855188058255,Summer,False
940,2026-07-09,8,0.32,0.1141,0.0499,0.112,56734,-2.2115745494605314,53.05810644118284,Summer,True
941,2026-07-09,13,0.52,0.1241,0.1351,0.182,,-2.2172772391245044,53.0575736007381,Summer,False
942,2026-07-09,7,0.28,0.1074,0.0873,0.271,,-2.2042657828827474,53.056805665175006,Summer,False
943,2026-07-09,6,0.24,0.1137,0.1539,0.233,,-2.219208128249908,53.05679336092597,Summer,False
944,2026-07-09,11,0.44,0.1227,0.1202,0.135,,-2.2202357603650285,53.0562225880991,Summer,False
945,2026-07-09,9,0.36,0.1412,0.0576,0.167,,-2.1912199696721593,53.05608700166344,Summer,False
946,2026-07-09,5,0.20,0.1138,0.1182,0.321,,-2.2154247945141265,53.05643286231083,Summer,False
947,2026-07-09,14,0.56,0.1277,0.0677,0.070,,-2.212678498845196,53.056014042644456,Summer,False
948,2026-07-09,6,0.24,0.1150,0.0584,0.385,,-2.2233556637857785,53.05571179217787,Summer,False
949,2026-07-09,7,0.28,0.1222,0.0625,0.220,,-2.2075705775329264,53.05559486452632,Summer,False
950,2026-07-09,20,0.80,0.1208,0.0946,0.279,,-2.218184077393787,53.054841891192154,Summer,False
951,2026-07-09,8,0.32,0.1276,0.0864,0.149,,-2.1679670690597885,53.054236117718006,Summer,False
952,2026-07-09,8,0.32,0.1317,0.0726,0.251,,-2.220491402437968,53.05389514563867,Summer,False
953,2026-07-09,10,0.40,0.1187,0.0885,0.186,,-2.2119308486470595,53.053299375898604,Summer,False
954,2026-07-09,9,0.36,0.1200,0.0815,0.234,,-2.2038743311034397,53.05311588902503,Summer,False
955,2026-07-09,13,0.52,0.1112,0.0873,0.060,,-2.1886732268984583,53.05276272021051,Summer,False
956,2026-07-09,6,0.24,0.1056,0.0492,0.233,,-2.2201222491896666,53.05299376853003,Summer,False
957,2026-07-09,5,0.20,0.1111,0.0837,0.194,,-2.174735422693041,53.052561748282116,Summer,False
958,2026-07-09,6,0.24,0.1146,0.0694,0.131,,-2.1764874336464195,53.05144119756746,Summer,False
959,2026-07-09,14,0.56,0.1143,0.0612,0.110,,-2.2013689477655882,53.05093018028359,Summer,False
960,2026-07-09,9,0.36,0.1088,0.0706,0.144,,-2.1898165269520717,53.051362908957316,Summer,False
961,2026-07-09,18,0.72,0.1110,0.0819,0.052,,-2.1864656375264544,53.05061088619547,Summer,False
962,2026-07-09,8,0.32,0.1080,0.0807,0.128,,-2.188700276877111,53.05055872367279,Summer,False
963,2026-07-09,14,0.56,0.1232,0.0810,0.091,,-2.194806213931234,53.04970445536497,Summer,False
964,2026-07-09,14,0.56,0.1103,0.0720,0.060,,-2.176422501451421,53.04925755698275,Summer,False
965,2026-07-09,5,0.20,0.1101,0.0625,0.194,,-2.199437732970295,53.04956619300207,Summer,False
966,2026-07-09,19,0.76,0.1045,0.0582,0.046,,-2.184949043615476,53.04910066126303,Summer,False
967,2026-07-09,15,0.60,0.1145,0.0821,0.097,60527,-2.1969513739434303,53.0484946565127,Summer,True
968,2026-07-09,16,0.64,0.1093,0.0808,0.095,,-2.174658071446631,53.04763040955063,Summer,False
969,2026-07-09,14,0.56,0.1177,0.0618,0.152,,-2.1549517529887026,53.047578750608785,Summer,False
970,2026-07-09,9,0.36,0.1170,0.0639,0.098,65593,-2.188440903172699,53.046938638477116,Summer,True
971,2026-07-09,65,2.60,0.1188,0.0691,0.023,67128,-2.1955026834955413,53.04544038987591,Summer,True
972,2026-07-09,7,0.28,0.1098,0.1239,0.153,,-2.1996270750301328,53.04716852819128,Summer,False
973,2026-07-09,7,0.28,0.1172,0.0610,0.112,,-2.180201523187243,53.046650985362874,Summer,False
974,2026-07-09,5,0.20,0.1461,0.0491,0.194,,-2.190364803703384,53.04652024596629,Summer,False
975,2026-07-09,6,0.24,0.1254,0.1299,0.295,540,-2.202290839132419,53.046403039698525,Summer,True
976,2026-07-09,5,0.20,0.1206,0.1079,0.245,,-2.208643020568134,53.045456607431625,Summer,False
977,2026-07-09,5,0.20,0.1305,0.0476,0.157,,-2.1831648060043336,53.04546419171706,Summer,False
978,2026-07-09,7,0.28,0.1373,0.1733,0.611,,-2.1499680379032915,53.045257310838224,Summer,False
979,2026-07-09,15,0.60,0.1175,0.0602,0.089,,-2.190741944775483,53.04443722274672,Summer,False
980,2026-07-09,5,0.20,0.1274,0.0338,0.194,,-2.1849139360230154,53.04446935190895,Summer,False
981,2026-07-09,7,0.28,0.1123,0.0392,0.130,,-2.217076861233385,53.043842913658054,Summer,False
982,2026-07-09,21,0.84,0.1203,0.0513,0.064,,-2.2111101300661278,53.04307576664875,Summer,False
983,2026-07-09,6,0.24,0.1131,0.0433,0.188,,-2.213537934444009,53.043151772143695,Summer,False
984,2026-07-09,7,0.28,0.1080,0.0543,0.220,,-2.1930552387233884,53.04304028340054,Summer,False
985,2026-07-09,41,1.64,0.1137,0.0621,0.027,,-2.1895115942858663,53.04188544420648,Summer,False
986,2026-07-09,7,0.28,0.1123,0.0615,0.112,,-2.1842002113461567,53.042543250364545,Summer,False
987,2026-07-09,16,0.64,0.1299,0.1030,0.139,,-2.203091535998274,53.04174504908755,Summer,False
988,2026-07-09,5,0.20,0.1155,0.1481,0.245,,-2.153639861883942,53.041877702728385,Summer,False
989,2026-07-09,30,1.20,0.1171,0.0782,0.045,,-2.208947527030632,53.041317423079086,Summer,False
990,2026-07-09,11,0.44,0.1159,0.1080,0.346,,-2.1998063886008525,53.04167089813664,Summer,False
991,2026-07-09,5,0.20,0.1065,0.0835,0.321,66964,-2.194033697144901,53.04176268618662,Summer,True
992,2026-07-09,6,0.24,0.1173,0.1049,0.295,,-2.1981738001646494,53.04050215244708,Summer,False
993,2026-07-09,12,0.48,0.1222,0.0652,0.130,,-2.1679525297229527,53.04014478591527,Summer,False
994,2026-07-09,5,0.20,0.1169,0.0806,0.245,,-2.181431823320721,53.03930338066778,Summer,False
995,2026-07-09,25,1.00,0.1137,0.0615,0.036,,-2.188513192686381,53.038359443540344,Summer,False
996,2026-07-09,8,0.32,0.1155,0.1060,0.208,,-2.203530445360086,53.03917471300529,Summer,False
997,2026-07-09,10,0.40,0.1167,0.0677,0.097,,-2.1838423246237286,53.03802543743591,Summer,False
998,2026-07-09,5,0.20,0.1201,0.1127,0.245,,-2.1638091601553455,53.03741884272547,Summer,False
999,2026-07-09,16,0.64,0.1121,0.0673,0.056,,-2.16593402139292,53.03589428486627,Summer,False
1000,2026-07-09,29,1.16,0.1091,0.0624,0.031,,-2.164271938151319,53.03401843123014,Summer,False
1001,2026-07-09,19,0.76,0.1125,0.0587,0.135,,-2.201364417667246,53.03521658893464,Summer,False
1002,2026-07-09,5,0.20,0.1072,0.0678,0.321,,-2.1406178350574923,53.03365769795825,Summer,False
1003,2026-07-09,5,0.20,0.1191,0.0800,0.194,,-2.132693988119294,53.033168682879285,Summer,False
1004,2026-07-09,8,0.32,0.1170,0.0477,0.112,,-2.16488012554843,53.03254948614266,Summer,False
1005,2026-07-09,13,0.52,0.1199,0.0857,0.093,,-2.17294815355563,53.031300629569685,Summer,False
1006,2026-07-09,10,0.40,0.1144,0.0580,0.087,,-2.162821964534469,53.031406817859605,Summer,False
1007,2026-07-09,6,0.24,0.1098,0.0651,0.295,,-2.2033625237562116,53.03142753580281,Summer,False
1008,2026-07-09,5,0.20,0.1200,0.0248,0.436,,-2.1895950183170694,53.0302977299781,Summer,False
1009,2026-07-09,8,0.32,0.1081,0.0805,0.175,,-2.1864329641571696,53.03033907195269,Summer,False
1010,2026-07-09,6,0.24,0.1159,0.0436,0.188,,-2.167102050819157,53.03010040408444,Summer,False
1011,2026-07-09,5,0.20,0.1057,0.0475,0.245,,-2.1861542283623616,53.02930335712916,Summer,False
1012,2026-07-09,6,0.24,0.1172,0.1103,0.524,0734,-2.1795500812056017,53.02895833277429,Summer,True
1013,2026-07-09,21,0.84,0.1134,0.0585,0.057,68091,-2.173943809445814,53.02693324688525,Summer,True
1014,2026-07-09,7,0.28,0.1291,0.0921,0.182,,-2.176589186371281,53.02821013966511,Summer,False
1015,2026-07-09,5,0.20,0.1094,0.0808,0.321,,-2.203902432630187,53.027481708673974,Summer,False
1016,2026-07-09,5,0.20,0.1189,0.0560,0.321,,-2.190724385399813,53.02732086071993,Summer,False
1017,2026-07-09,11,0.44,0.1188,0.0878,0.240,59601,-2.178969776660311,53.02644267694373,Summer,True
1018,2026-07-09,10,0.40,0.1196,0.0744,0.087,,-2.1698989515638134,53.02629635904787,Summer,False
1019,2026-07-09,32,1.28,0.1138,0.0430,0.054,,-2.1882127105116633,53.02589012454358,Summer,False
1020,2026-07-09,6,0.24,0.1147,0.0819,0.188,,-2.135976477198305,53.0256232713275,Summer,False
1021,2026-07-09,20,0.80,0.1110,0.0690,0.054,66975,-2.177258486152458,53.02505298441752,Summer,True
1022,2026-07-09,5,0.20,0.1070,0.0546,0.194,,-2.1380362849739583,53.02551236113647,Summer,False
1023,2026-07-09,8,0.32,0.1189,0.1105,0.128,,-2.1936843868244265,53.0253093055491,Summer,False
1024,2026-07-09,6,0.24,0.1223,0.0702,0.385,,-2.1985621356932534,53.024922755843846,Summer,False
1025,2026-07-09,15,0.60,0.1222,0.0676,0.107,59772,-2.1670632107832963,53.024376721131404,Summer,True
1026,2026-07-09,9,0.36,0.1199,0.0907,0.167,66203,-2.173993100255014,53.02410541709226,Summer,True
1027,2026-07-09,9,0.36,0.1132,0.0668,0.144,,-2.203971477099553,53.022651742223076,Summer,False
1028,2026-07-09,5,0.20,0.1231,0.1151,0.194,,-2.1419751344517333,53.02237647626163,Summer,False
1029,2026-07-09,22,0.88,0.1229,0.0932,0.120,,-2.184607153317658,53.02148811756141,Summer,False
1030,2026-07-09,7,0.28,0.1240,0.0924,0.344,64239,-2.1765249408757215,53.022636113427275,Summer,True
1031,2026-07-09,67,2.68,0.1400,0.0516,0.063,,-2.1608149288026075,53.0219087226586,Summer,False
1032,2026-07-09,43,1.72,0.1185,0.0793,0.028,,-2.171564246835616,53.02085689455873,Summer,False
1033,2026-07-09,5,0.20,0.1328,0.1043,0.436,,-2.187843265753542,53.021943396717944,Summer,False
1034,2026-07-09,7,0.28,0.1188,0.0863,0.344,61710,-2.1786304700763917,53.021674653254,Summer,True
1035,2026-07-09,17,0.68,0.1230,0.0633,0.068,0438,-2.1650212988039828,53.02081237017123,Summer,True
1036,2026-07-09,5,0.20,0.1089,0.0746,0.321,,-2.1923301093840486,53.021182861490864,Summer,False
1037,2026-07-09,7,0.28,0.1543,0.0812,0.611,64923,-2.176344756223789,53.02091398932648,Summer,True
1038,2026-07-09,21,0.84,0.1155,0.0690,0.061,436,-2.179723585043572,53.0194390647693,Summer,True
1039,2026-07-09,5,0.20,0.1045,0.0781,0.194,,-2.185559775288814,53.01969834925441,Summer,False
1040,2026-07-09,8,0.32,0.1219,0.0884,0.208,,-2.1750443124953107,53.019585423303745,Summer,False
1041,2026-07-09,16,0.64,0.1289,0.0980,0.223,,-2.2018585701895677,53.01865592128281,Summer,False
1042,2026-07-09,21,0.84,0.1129,0.0785,0.064,,-2.1855569149289433,53.01804080912184,Summer,False
1043,2026-07-09,10,0.40,0.1168,0.0622,0.087,,-2.168771661110545,53.018233753588824,Summer,False
1044,2026-07-09,7,0.28,0.1095,0.0798,0.153,,-2.1761508605427298,53.01767636992205,Summer,False
1045,2026-07-09,10,0.40,0.1174,0.0490,0.109,,-2.169214569969514,53.01690637803677,Summer,False
1046,2026-07-09,8,0.32,0.1210,0.0669,0.175,,-2.196704894156806,53.01721659212024,Summer,False
1047,2026-07-09,16,0.64,0.1171,0.0611,0.114,,-2.1927759650743712,53.016066284000885,Summer,False
1048,2026-07-09,6,0.24,0.1202,0.0878,0.156,64276,-2.1507881516551515,53.01545175479252,Summer,True
1049,2026-07-09,8,0.32,0.1218,0.0738,0.175,,-2.2002036194389225,53.01544224252047,Summer,False
1050,2026-07-09,44,1.76,0.1182,0.0821,0.051,,-2.168998832119516,53.013816511509205,Summer,False
1051,2026-07-09,6,0.24,0.1120,0.0818,0.188,,-2.1531863658399923,53.01477964640658,Summer,False
1052,2026-07-09,52,2.08,0.1367,0.1260,0.102,,-2.165050646032796,53.014365643051946,Summer,False
1053,2026-07-09,5,0.20,0.1195,0.0423,0.157,,-2.1932407395699043,53.01392540548701,Summer,False
1054,2026-07-09,5,0.20,0.1045,0.0768,0.321,159,-2.1915226114434554,53.01333840002953,Summer,True
1055,2026-07-09,5,0.20,0.1225,0.0835,0.321,,-2.1649445462263786,53.01261536953679,Summer,False
1056,2026-07-09,7,0.28,0.1413,0.0995,0.271,,-2.1667920970553958,53.01265401279512,Summer,False
1057,2026-07-09,13,0.52,0.1324,0.0980,0.638,,-2.1999975412702826,53.012635048373575,Summer,False
1058,2026-07-09,5,0.20,0.1144,0.0684,0.194,62171,-2.211877209386336,53.01207264530809,Summer,True
1059,2026-07-09,8,0.32,0.1122,0.1145,0.098,,-2.131992208771467,53.010559010346874,Summer,False
1060,2026-07-09,5,0.20,0.1488,0.0797,0.245,,-2.161815640457276,53.01101117516552,Summer,False
1061,2026-07-09,13,0.52,0.1175,0.0751,0.113,69145,-2.1829519441410943,53.010596758268406,Summer,True
1062,2026-07-09,21,0.84,0.1211,0.0752,0.069,,-2.1580264814581986,53.00935599188665,Summer,False
1063,2026-07-09,5,0.20,0.1040,0.1021,0.245,,-2.1630252727316246,53.010120726769905,Summer,False
1064,2026-07-09,6,0.24,0.1115,0.0859,0.156,,-2.127693859366696,53.009980685866736,Summer,False
1065,2026-07-09,21,0.84,0.1256,0.0692,0.098,,-2.1801448025469314,53.00920231620362,Summer,False
1066,2026-07-09,23,0.92,0.1142,0.0678,0.056,,-2.155291841675524,53.00884970429609,Summer,False
1067,2026-07-09,7,0.28,0.1258,0.0946,0.112,,-2.2108417355713907,53.0095384032762,Summer,False
1068,2026-07-09,5,0.20,0.1269,0.0418,0.245,,-2.1653660519476268,53.009310127664996,Summer,False
1069,2026-07-09,10,0.40,0.1108,0.0577,0.140,,-2.2086808470878285,53.00917473208942,Summer,False
1070,2026-07-09,9,0.36,0.1330,0.0511,0.196,64620,-2.1763376961331127,53.00885922996348,Summer,True
1071,2026-07-09,34,1.36,0.1189,0.0752,0.058,,-2.1621892608257394,53.00720218321518,Summer,False
1072,2026-07-09,6,0.24,0.1233,0.1217,0.295,,-2.1678697342480295,53.008290863476574,Summer,False
1073,2026-07-09,18,0.72,0.1210,0.0961,0.098,,-2.2056129939920575,53.008139446687125,Summer,False
1074,2026-07-09,6,0.24,0.1155,0.1032,0.295,,-2.1225714046101856,53.00778547213811,Summer,False
1075,2026-07-09,5,0.20,0.1175,0.0936,0.157,,-2.190798291255823,53.007436256123036,Summer,False
1076,2026-07-09,8,0.32,0.1141,0.1081,0.128,,-2.1749031526986404,53.00744839462721,Summer,False
1077,2026-07-09,7,0.28,0.1043,0.0577,0.130,,-2.1928667607682906,53.00749140878879,Summer,False
1078,2026-07-09,7,0.28,0.1190,0.0468,0.344,65044,-2.184820217619966,53.00741083846391,Summer,True
1079,2026-07-09,8,0.32,0.1135,0.0523,0.251,,-2.1587955519494915,53.006121937258946,Summer,False
1080,2026-07-09,21,0.84,0.1216,0.0749,0.064,,-2.173389209201824,53.00543125636471,Summer,False
1081,2026-07-09,15,0.60,0.1109,0.0654,0.075,62189,-2.1852597368042046,53.00502516654702,Summer,True
1082,2026-07-09,18,0.72,0.1269,0.0375,0.072,,-2.130690405899757,53.00425920608881,Summer,False
1083,2026-07-09,6,0.24,0.1220,0.0616,0.188,,-2.166202753699772,53.00456345200902,Summer,False
1084,2026-07-09,7,0.28,0.1371,0.0530,0.130,,-2.1285621584604315,53.00351874427837,Summer,False
1085,2026-07-09,107,4.28,0.1436,0.0855,0.035,,-2.213079259889373,53.003058355257075,Summer,False
1086,2026-07-09,14,0.56,0.1183,0.0941,0.100,0515,-2.201751508990499,53.00368582464728,Summer,True
1087,2026-07-09,23,0.92,0.1267,0.0497,0.075,60636,-2.185006244050756,53.002842456356824,Summer,True
1088,2026-07-09,15,0.60,0.1277,0.0279,0.107,,-2.126579561883589,53.002175433505386,Summer,False
1089,2026-07-09,9,0.36,0.1124,0.0902,0.196,,-2.166945253288665,53.00298047800466,Summer,False
1090,2026-07-09,5,0.20,0.1453,0.0758,0.321,,-2.1805801639657134,53.002403986117976,Summer,False
1091,2026-07-09,8,0.32,0.1092,0.0502,0.128,743,-2.186801494460767,53.000833046701274,Summer,True
1092,2026-07-09,7,0.28,0.1331,0.0492,0.112,56801,-2.189116918206631,53.00081354192526,Summer,True
1093,2026-07-09,18,0.72,0.1135,0.0839,0.251,,-2.177348128756204,53.000136247638466,Summer,False
1094,2026-07-09,11,0.44,0.1192,0.0613,0.096,,-2.1726240905230925,52.999625838004626,Summer,False
1095,2026-07-09,5,0.20,0.1119,0.0428,0.157,,-2.1895185668203005,52.999372794834485,Summer,False
1096,2026-07-09,7,0.28,0.1242,0.0691,0.220,63096,-2.163789797113494,52.99832649860144,Summer,True
1097,2026-07-09,18,0.72,0.1215,0.1043,0.196,,-2.117665519194292,52.997430973474785,Summer,False
1098,2026-07-09,6,0.24,0.1268,0.0609,0.188,,-2.2130166693374873,52.99805033498958,Summer,False
1099,2026-07-09,6,0.24,0.1135,0.0911,0.295,,-2.175470392137076,52.997885808905096,Summer,False
1100,2026-07-09,9,0.36,0.1365,0.0891,0.577,58748,-2.1608529118332602,52.997803527525036,Summer,True
1101,2026-07-09,5,0.20,0.1156,0.1101,0.245,,-2.1815070537966004,52.997519982357474,Summer,False
1102,2026-07-09,8,0.32,0.1093,0.0539,0.208,68141,-2.155097157178082,52.997083547236976,Summer,True
1103,2026-07-09,34,1.36,0.1212,0.0801,0.046,,-2.151155566209205,52.99672761477637,Summer,False
1104,2026-07-09,9,0.36,0.1052,0.0899,0.110,,-2.1660696865053195,52.99686135040577,Summer,False
1105,2026-07-09,9,0.36,0.1179,0.1210,0.167,,-2.138000256889318,52.99640147459072,Summer,False
1106,2026-07-09,5,0.20,0.1044,0.0669,0.157,,-2.1904087398654157,52.996394285056525,Summer,False
1107,2026-07-09,24,0.96,0.1250,0.0415,0.121,,-2.211224068721712,52.99557378981214,Summer,False
1108,2026-07-09,6,0.24,0.1404,0.0418,0.233,0142,-2.1800966112924964,52.99489126932425,Summer,True
1109,2026-07-09,8,0.32,0.1117,0.1005,0.251,,-2.155372373546422,52.9944335395135,Summer,False
1110,2026-07-09,16,0.64,0.1311,0.0523,0.095,,-2.184846542220946,52.99287502731158,Summer,False
1111,2026-07-09,24,0.96,0.1332,0.1117,0.295,,-2.1483319828224454,52.99256290314102,Summer,False
1112,2026-07-09,15,0.60,0.1175,0.0612,0.097,,-2.138585896267343,52.99193083678066,Summer,False
1113,2026-07-09,15,0.60,0.1149,0.1065,0.131,,-2.17991960999302,52.992175161419645,Summer,False
1114,2026-07-09,6,0.24,0.1157,0.0868,0.131,,-2.1412630829400388,52.99215996251207,Summer,False
1115,2026-07-09,6,0.24,0.1203,0.0959,0.524,,-2.154125479062306,52.9921622655126,Summer,False
1116,2026-07-09,9,0.36,0.1154,0.1383,0.144,0238,-2.1289924673788008,52.99154131216574,Summer,True
1117,2026-07-09,17,0.68,0.1211,0.1118,0.185,,-2.1706996557989635,52.99176784134158,Summer,False
1118,2026-07-09,36,1.44,0.1265,0.0731,0.042,,-2.176356568783063,52.98829295307975,Summer,False
1119,2026-07-09,14,0.56,0.1153,0.0589,0.076,,-2.1367672072296706,52.988141962083525,Summer,False
1120,2026-07-09,31,1.24,0.1152,0.0641,0.036,,-2.1956628189215666,52.987203624310624,Summer,False
1121,2026-07-09,13,0.52,0.1160,0.0706,0.093,,-2.169750786112535,52.98753321067526,Summer,False
1122,2026-07-09,17,0.68,0.1200,0.0728,0.101,,-2.129282622002648,52.98737878279958,Summer,False
1123,2026-07-09,7,0.28,0.1111,0.0932,0.220,,-2.191367711238921,52.98744708087291,Summer,False
1124,2026-07-09,14,0.56,0.1288,0.1199,0.122,,-2.145042373863404,52.98615980341912,Summer,False
1125,2026-07-09,7,0.28,0.1072,0.0733,0.182,55692,-2.202322442614976,52.986570742430104,Summer,True
1126,2026-07-09,7,0.28,0.1041,0.0801,0.153,56575,-2.139382762548697,52.98610612830526,Summer,True
1127,2026-07-09,29,1.16,0.1260,0.1082,0.172,,-2.176537071029208,52.98511956300895,Summer,False
1128,2026-07-09,13,0.52,0.1090,0.0689,0.071,,-2.1413942236526786,52.98554769962905,Summer,False
1129,2026-07-09,12,0.48,0.1238,0.0615,0.085,860,-2.1236716178328705,52.985349239771544,Summer,True
1130,2026-07-09,5,0.20,0.1162,0.0389,0.321,,-2.17362539385773,52.98577885885127,Summer,False
1131,2026-07-09,13,0.52,0.1238,0.0878,0.093,,-2.130974982505854,52.98514006993295,Summer,False
1132,2026-07-09,6,0.24,0.1353,0.0704,0.233,,-2.171188680845289,52.98545025416359,Summer,False
1133,2026-07-09,5,0.20,0.1108,0.0879,0.194,62023,-2.1277569341364524,52.98516352777998,Summer,True
1134,2026-07-09,11,0.44,0.1181,0.0895,0.135,,-2.136756035943206,52.984529643622125,Summer,False
1135,2026-07-09,10,0.40,0.1101,0.0850,0.097,,-2.126647833376525,52.984022678517725,Summer,False
1136,2026-07-09,5,0.20,0.1229,0.1456,0.321,,-2.1489545522013187,52.982871946696434,Summer,False
1137,2026-07-09,12,0.48,0.1177,0.0556,0.223,,-2.1711039743838234,52.98209350413975,Summer,False
1138,2026-07-09,6,0.24,0.1051,0.0606,0.188,,-2.131735057549377,52.98190240214424,Summer,False
1139,2026-07-09,12,0.48,0.1169,0.0908,0.104,,-2.1237519517829933,52.98137936165272,Summer,False
1140,2026-07-09,6,0.24,0.1122,0.0889,0.233,,-2.168893584859006,52.98084947800935,Summer,False
1141,2026-07-09,12,0.48,0.1093,0.1087,0.116,,-2.1338775418830864,52.98028489360198,Summer,False
1142,2026-07-09,5,0.20,0.1112,0.1186,0.245,,-2.1941669574410327,52.98020240948683,Summer,False
1143,2026-07-09,6,0.24,0.1077,0.0686,0.131,62728,-2.130091131893235,52.97970288060559,Summer,True
1144,2026-07-09,8,0.32,0.1137,0.1232,0.393,,-2.2047740801957465,52.979671522671346,Summer,False
1145,2026-07-09,9,0.36,0.1187,0.0784,0.098,,-2.104468095820212,52.97833397237253,Summer,False
1146,2026-07-09,6,0.24,0.1222,0.0699,0.295,,-2.090589089224736,52.97650057899905,Summer,False
1147,2026-07-09,12,0.48,0.1172,0.0707,0.147,,-2.095635928516757,52.97611955619828,Summer,False
1148,2026-07-09,5,0.20,0.1413,0.0395,0.194,,-2.171063088239897,52.97644767511563,Summer,False
1149,2026-07-09,5,0.20,0.1191,0.0989,0.436,,-2.1842458719171014,52.975532015857596,Summer,False
1150,2026-07-09,8,0.32,0.1287,0.1212,0.175,,-2.1542277758940527,52.97485028315871,Summer,False
1151,2026-07-09,65,2.60,0.1176,0.0769,0.079,,-2.1855202651091057,52.97428772549227,Summer,False
1152,2026-07-09,6,0.24,0.1244,0.0855,0.233,,-2.1776570743701043,52.97428799200156,Summer,False
1153,2026-07-09,7,0.28,0.1396,0.0638,0.153,58702,-2.1963824393357556,52.97409926766726,Summer,True
1154,2026-07-09,5,0.20,0.3474,0.0642,0.321,,-2.1287257513861078,52.972549026252636,Summer,False
1155,2026-07-09,13,0.52,0.1156,0.0938,0.071,,-2.176178520242648,52.968906968856444,Summer,False
1156,2026-07-09,5,0.20,0.1076,0.1166,0.194,,-2.193375229054625,52.96833061867839,Summer,False
1157,2026-07-09,69,2.76,0.1298,0.0553,0.031,,-2.1668862422431427,52.96624991584557,Summer,False
1158,2026-07-09,7,0.28,0.1185,0.0375,0.182,,-2.1683099412579936,52.96691987755764,Summer,False
1159,2026-07-09,6,0.24,0.2492,0.0667,0.188,,-2.1910640246493096,52.96610943405174,Summer,False
1160,2026-07-09,15,0.60,0.1107,0.0715,0.082,,-2.165480651800314,52.96420655015282,Summer,False
1161,2026-07-09,6,0.24,0.1373,0.1543,0.295,,-2.176416942681025,52.961184361823854,Summer,False
1162,2026-07-09,5,0.20,0.1322,0.0894,0.194,,-2.1797265540689548,52.95622692853294,Summer,False
1163,2026-07-09,53,2.12,0.1341,0.0832,0.042,,-2.182752694767972,52.95083221258713,Summer,False
1164,2026-07-09,12,0.48,0.1354,0.0209,0.078,,-2.1786144925550937,52.95128087770741,Summer,False
