site_reference,hectares,bsi,ndvi,passes_bsi,passes_ndvi,passes_gate
44864,1.74,0.0253,0.17663,False,True,False
48119,1.51,0.00557,0.18855,False,True,False
51283,0.47,-0.02048,0.36641,False,False,False
51841,2.36,0.01047,0.26792,False,False,False
52839,8.75,-0.04478,0.37247,False,False,False
53087,0.07,-0.00378,0.21893,False,False,False
53237,3.9,0.02089,0.18985,False,True,False
53413,13.5,-0.03427,0.28294,False,False,False
53931,1.86,-0.01523,0.25097,False,False,False
54289,0.72,0.02233,0.17937,False,True,False
55181,0.13,0.03458,0.16291,False,True,False
55286,11.77,-0.07195,0.34602,False,False,False
55314,1.28,-0.00866,0.26328,False,False,False
55621,0.06,0.04306,0.12235,False,True,False
55692,0.33,0.02297,0.17983,False,True,False
55794,0.47,-0.13888,0.50465,False,False,False
55902,0.11,0.00831,0.15714,False,True,False
56109,0.31,-0.01199,0.23926,False,False,False
56426,1.3,-0.01801,0.2893,False,False,False
56463,0.07,0.05375,0.11471,False,True,False
56478,0.25,-0.10792,0.44251,False,False,False
56575,0.06,0.01086,0.22238,False,False,False
56734,0.04,0.06439,0.11411,False,True,False
56786,0.09,0.02683,0.22192,False,False,False
56801,0.62,-0.17999,0.55224,False,False,False
56967,0.91,-0.02575,0.3483,False,False,False
57407,0.22,0.01294,0.25662,False,False,False
57618,0.09,-0.06313,0.34782,False,False,False
57805,0.05,0.04168,0.14803,False,True,False
57831,0.36,0.01661,0.18357,False,True,False
57932,0.14,0.02287,0.19098,False,True,False
57947,0.32,0.01686,0.17767,False,True,False
57972,0.02,0.03291,0.11339,False,True,False
58037,0.22,-0.02144,0.30501,False,False,False
58175,0.18,-0.10206,0.42112,False,False,False
58312,0.12,0.03458,0.16291,False,True,False
58335,0.94,-0.0045,0.22346,False,False,False
58354,0.24,-0.04146,0.34013,False,False,False
58372,0.41,0.05384,0.1334,False,True,False
58468,0.12,-0.02086,0.28726,False,False,False
58571,0.24,0.02918,0.15027,False,True,False
58618,0.03,0.04914,0.10353,False,True,False
58658,0.05,-0.02507,0.26822,False,False,False
58660,0.36,0.00526,0.24934,False,False,False
58702,0.42,-0.00749,0.30864,False,False,False
58728,0.3,0.01731,0.25811,False,False,False
58748,0.42,-0.07004,0.34363,False,False,False
58830,0.21,0.0142,0.21442,False,False,False
58844,0.21,0.03623,0.08438,False,True,False
58877,8.75,-0.047,0.33097,False,False,False
58896,0.26,-0.02262,0.30194,False,False,False
58939,0.2,-0.16289,0.51866,False,False,False
58965,0.18,0.03669,0.12253,False,True,False
59041,0.02,-0.00682,0.23369,False,False,False
59182,0.05,0.02207,0.17456,False,True,False
59187,0.22,0.01792,0.20049,False,False,False
59194,0.01,0.02973,0.14647,False,True,False
59219,0.4,0.01432,0.16048,False,True,False
59223,2.01,0.0215,0.16197,False,True,False
59350,0.14,0.02764,0.16208,False,True,False
59462,0.07,0.04581,0.0975,False,True,False
59519,0.03,0.06439,0.11411,False,True,False
59600,4.57,-0.0433,0.29779,False,False,False
59601,0.04,0.06057,0.1331,False,True,False
59772,1.32,0.04035,0.15618,False,True,False
59840,0.19,-0.01217,0.25265,False,False,False
59852,0.33,0.01828,0.21842,False,False,False
60035,0.62,0.0271,0.20727,False,False,False
60223,0.03,0.03318,0.13936,False,True,False
60285,0.07,0.02747,0.20778,False,False,False
60308,0.03,0.04313,0.12796,False,True,False
60371,0.14,-0.10305,0.41885,False,False,False
60389,0.04,0.02015,0.14474,False,True,False
60432,4.62,-0.00835,0.25842,False,False,False
60499,0.04,0.0679,0.09004,False,True,False
60500,0.04,0.0679,0.09004,False,True,False
60527,0.02,0.05994,0.13983,False,True,False
60629,0.25,0.02292,0.17412,False,True,False
60636,0.06,0.0647,0.09446,False,True,False
60638,0.1,0.05413,0.13303,False,True,False
0137,0.92,-0.02619,0.2666,False,False,False
0142,2.95,-0.04657,0.25204,False,False,False
0152,4.74,0.01097,0.20923,False,False,False
0153,2.91,0.01776,0.20959,False,False,False
0160,1.22,-0.17872,0.53661,False,False,False
0186,0.27,-0.02229,0.25867,False,False,False
0187,1.0,0.0163,0.18722,False,True,False
0196,2.04,0.01527,0.18505,False,True,False
0201,1.98,-0.07958,0.41638,False,False,False
0216,1.04,-0.13274,0.5012,False,False,False
0220,0.87,-0.09192,0.45077,False,False,False
0222,0.49,0.00917,0.24609,False,False,False
0238,3.08,0.02653,0.26364,False,False,False
0245,1.08,0.00044,0.22663,False,False,False
0256,0.28,0.03515,0.15216,False,True,False
0333,0.28,-0.02909,0.2806,False,False,False
0363,0.31,-0.04065,0.33386,False,False,False
0364,0.44,-0.03478,0.23356,False,False,False
0370,0.85,0.00323,0.2124,False,False,False
0373,1.22,-0.16739,0.51842,False,False,False
0410,0.89,0.08435,0.08765,False,True,False
0438,1.2,0.0612,0.11493,False,True,False
0468,0.38,0.0599,0.07952,False,True,False
0469,1.1,-0.02333,0.26699,False,False,False
0481,1.05,0.03587,0.13191,False,True,False
0483,1.81,-0.02213,0.26787,False,False,False
0484,0.77,-0.05307,0.34039,False,False,False
0487,1.85,-0.00568,0.25933,False,False,False
0494,3.59,-0.13268,0.49287,False,False,False
0506,0.63,-0.13557,0.50043,False,False,False
0512,4.07,0.04723,0.11861,False,True,False
0515,1.98,0.01713,0.24552,False,False,False
0549,0.76,-0.0149,0.30154,False,False,False
0704,1.27,-0.01991,0.27419,False,False,False
0706,0.55,0.00221,0.2126,False,False,False
0734,0.25,0.03093,0.20635,False,False,False
0770,0.27,0.05056,0.10748,False,True,False
0773,0.32,-0.01304,0.29716,False,False,False
0774,0.69,-0.12308,0.45645,False,False,False
0838,1.04,-0.01705,0.33283,False,False,False
0840,0.58,0.0279,0.14982,False,True,False
0844,0.34,0.04847,0.18737,False,True,False
59042,1.98,0.01713,0.24552,False,False,False
60777,0.47,-0.13888,0.50465,False,False,False
60831,3.78,-0.0272,0.26388,False,False,False
60886,0.14,0.02287,0.19098,False,True,False
60951,0.89,-0.0045,0.22346,False,False,False
60994,0.54,-0.01343,0.20746,False,False,False
61254,6.71,0.00089,0.23446,False,False,False
61264,0.15,-0.02992,0.2781,False,False,False
61283,0.31,-0.04065,0.33386,False,False,False
61450,1.1,-0.01705,0.33283,False,False,False
61641,0.42,-0.01506,0.25165,False,False,False
61688,1.3,0.04035,0.15618,False,True,False
61710,0.92,-0.0055,0.27124,False,False,False
61735,0.06,0.01086,0.22238,False,False,False
61773,0.11,-0.12337,0.45555,False,False,False
61804,4.74,0.01097,0.20923,False,False,False
61905,0.47,0.04747,0.09864,False,True,False
62106,0.27,0.04176,0.16253,False,True,False
62496,0.25,0.02292,0.17412,False,True,False
62955,0.08,0.02747,0.20778,False,False,False
63129,0.36,0.01661,0.18357,False,True,False
63168,0.34,-0.00544,0.21717,False,False,False
63272,0.1,0.02297,0.17983,False,True,False
63292,0.15,0.02764,0.16208,False,True,False
63462,0.17,-0.01217,0.25265,False,False,False
137,0.92,-0.02619,0.2666,False,False,False
142,2.95,-0.04657,0.25204,False,False,False
186,0.27,-0.02229,0.25867,False,False,False
187,1.0,0.0163,0.18722,False,True,False
201,1.98,-0.07958,0.41638,False,False,False
220,0.87,-0.09192,0.45077,False,False,False
222,0.49,0.00917,0.24609,False,False,False
238,1.94,0.03272,0.27907,False,False,False
63663,0.02,0.06756,0.09824,False,True,False
245,1.08,0.00044,0.22663,False,False,False
60680,0.28,0.03515,0.15216,False,True,False
304,0.91,-0.02575,0.3483,False,False,False
310,1.86,-0.01523,0.25097,False,False,False
333,0.28,-0.02909,0.2806,False,False,False
364,0.44,-0.03478,0.23356,False,False,False
370,0.85,0.00323,0.2124,False,False,False
373,1.22,-0.16739,0.51842,False,False,False
438,1.2,0.0612,0.11493,False,True,False
468,0.38,0.0599,0.07952,False,True,False
469,1.1,-0.02333,0.26699,False,False,False
487,1.85,-0.00568,0.25933,False,False,False
494,3.59,-0.13268,0.49287,False,False,False
506,0.63,-0.13557,0.50043,False,False,False
512,4.07,0.04723,0.11861,False,True,False
549,0.76,-0.0149,0.30154,False,False,False
774,0.69,-0.12308,0.45645,False,False,False
840,0.58,0.0279,0.14982,False,True,False
61856,0.15,0.04957,0.08622,False,True,False
61889,0.06,0.05179,0.07789,False,True,False
62011,0.04,0.05828,0.1467,False,True,False
62023,0.06,0.04165,0.08992,False,True,False
62072,0.03,0.05321,0.08014,False,True,False
62102,2.15,-0.03321,0.29091,False,False,False
62170,0.13,-0.05478,0.32768,False,False,False
62171,0.29,0.04822,0.13786,False,True,False
62172,0.15,0.00105,0.29875,False,False,False
62189,0.11,0.06467,0.06822,False,True,False
62377,0.01,0.0696,0.08782,False,True,False
62379,0.02,0.02857,0.04581,False,True,False
62434,0.07,0.01031,0.17562,False,True,False
62462,0.07,0.0568,0.13946,False,True,False
62528,0.22,-0.05411,0.32378,False,False,False
62706,0.04,0.028,0.14212,False,True,False
62711,0.28,-0.08518,0.4226,False,False,False
62726,0.36,0.05425,0.12534,False,True,False
62728,0.33,0.00821,0.18642,False,True,False
62731,0.17,-0.07679,0.38157,False,False,False
62965,0.04,0.02978,0.18788,False,True,False
63067,0.03,-0.02881,0.3126,False,False,False
63079,0.12,0.02165,0.16806,False,True,False
63095,1.31,0.00443,0.1791,False,True,False
63096,0.56,0.04322,0.13881,False,True,False
63108,0.23,-0.0094,0.26015,False,False,False
63109,0.16,0.00403,0.24584,False,False,False
63110,0.15,-0.03458,0.32699,False,False,False
63145,0.04,-0.0234,0.30634,False,False,False
63231,0.04,0.05222,0.17632,False,True,False
61440,0.22,0.01792,0.20049,False,False,False
59587,0.31,-0.01199,0.23926,False,False,False
0310,1.86,-0.01523,0.25097,False,False,False
0304,0.91,-0.02575,0.3483,False,False,False
60894,0.61,0.00158,0.19262,False,True,False
60507,1.28,-0.00866,0.26328,False,False,False
60965,0.27,0.04176,0.16253,False,True,False
61755,0.7,-0.0073,0.27352,False,False,False
61822,0.34,-0.00544,0.21717,False,False,False
58689,2.91,0.01776,0.20959,False,False,False
132,7.88,-0.13334,0.51702,False,False,False
159,2.9,0.01929,0.21187,False,False,False
172,8.91,0.01007,0.22361,False,False,False
294,2.24,-0.04815,0.3237,False,False,False
311,1.41,0.02059,0.21558,False,False,False
326,1.18,0.03262,0.11478,False,True,False
334,1.36,-0.00515,0.31391,False,False,False
351,9.2,-0.02239,0.25271,False,False,False
415,8.55,-0.12069,0.49541,False,False,False
428,4.67,0.0317,0.17739,False,True,False
436,5.8,0.02723,0.1675,False,True,False
442,5.64,-0.21228,0.57405,False,False,False
540,1.43,0.01586,0.3103,False,False,False
555,5.37,-0.10856,0.43805,False,False,False
678,1.14,-0.13311,0.4958,False,False,False
706,0.55,0.00221,0.2126,False,False,False
734,0.25,0.03093,0.20635,False,False,False
743,0.54,-0.00135,0.26062,False,False,False
767,0.78,-0.15673,0.49673,False,False,False
850,0.88,-0.10378,0.44997,False,False,False
856,2.0,0.02003,0.14416,False,True,False
860,1.23,0.0587,0.08532,False,True,False
878,1.22,-0.01801,0.2893,False,False,False
63564,0.23,0.03888,0.14702,False,True,False
63624,0.1,-0.02035,0.27691,False,False,False
63704,0.04,0.01159,0.18529,False,True,False
63756,0.03,0.02878,0.14846,False,True,False
63896,0.08,0.01027,0.17296,False,True,False
63966,1.86,-0.01523,0.25097,False,False,False
64239,0.05,0.03729,0.14157,False,True,False
64276,0.13,0.04931,0.17961,False,True,False
64303,0.51,0.03827,0.13519,False,True,False
64444,0.33,-0.1686,0.52201,False,False,False
64571,1.08,0.00044,0.22663,False,False,False
64620,0.07,0.06266,0.11766,False,True,False
64774,0.19,-0.05994,0.35773,False,False,False
64814,0.04,7e-05,0.20382,False,False,False
64827,0.17,-0.0954,0.4358,False,False,False
64519,0.12,0.02165,0.16806,False,True,False
66228,0.85,-0.09192,0.45077,False,False,False
61827,0.04,0.0679,0.09004,False,True,False
65451,1.98,-0.07958,0.41638,False,False,False
65020,1.98,0.01713,0.24552,False,False,False
66321,1.94,0.03272,0.27907,False,False,False
66000,0.24,0.02918,0.15027,False,True,False
65929,0.28,0.04822,0.13786,False,True,False
65663,1.41,0.02059,0.21558,False,False,False
67351,8.55,-0.12069,0.49541,False,False,False
63695,4.67,0.0317,0.17739,False,True,False
60941,0.02,0.03291,0.11339,False,True,False
62680,1.36,-0.00515,0.31391,False,False,False
63206,0.22,-0.01443,0.2549,False,False,False
63348,0.05,-0.02507,0.26822,False,False,False
63849,0.26,-0.10324,0.43712,False,False,False
64573,0.2,0.04486,0.11804,False,True,False
66795,0.74,-0.02649,0.32957,False,False,False
64665,0.22,0.04927,0.12054,False,True,False
64846,0.14,-0.11302,0.41731,False,False,False
64851,0.47,0.0181,0.12493,False,True,False
64923,0.03,0.07129,0.1063,False,True,False
64996,0.1,-0.02035,0.27691,False,False,False
65044,0.15,0.08087,0.0791,False,True,False
65114,0.02,0.0113,0.199,False,True,False
65177,0.12,-0.03497,0.24542,False,False,False
65194,0.03,0.04194,0.11858,False,True,False
65232,0.02,0.02863,0.15894,False,True,False
65329,0.04,-0.00682,0.23369,False,False,False
65553,0.17,0.02787,0.21873,False,False,False
65593,0.11,0.03444,0.15244,False,True,False
65614,0.02,0.00307,0.24232,False,False,False
65841,0.03,0.04486,0.11182,False,True,False
65870,0.05,0.05704,0.09756,False,True,False
65959,0.35,-0.13484,0.47148,False,False,False
66289,0.55,0.02269,0.21229,False,False,False
66416,0.28,-0.04184,0.27023,False,False,False
63216,0.43,0.04211,0.19655,False,True,False
66398,0.94,-0.07236,0.37107,False,False,False
65860,0.23,0.00088,0.17764,False,True,False
66203,0.04,0.05291,0.0705,False,True,False
66420,0.06,0.05953,0.08596,False,True,False
66964,0.11,0.05056,0.08073,False,True,False
66347,0.23,-0.00591,0.25638,False,False,False
66451,0.18,0.0006,0.21578,False,False,False
67179,0.02,0.0546,0.08649,False,True,False
66491,0.08,0.04814,0.11391,False,True,False
67449,0.15,-0.00256,0.28971,False,False,False
66733,0.14,-0.0249,0.24819,False,False,False
67599,0.05,-0.04046,0.32849,False,False,False
66713,0.13,-0.05478,0.32768,False,False,False
68096,0.36,0.05425,0.12534,False,True,False
62020,0.22,-0.02144,0.30501,False,False,False
65345,0.05,0.04168,0.14803,False,True,False
64044,0.36,0.01661,0.18357,False,True,False
64145,0.15,0.04957,0.08622,False,True,False
68645,0.02,0.06756,0.09824,False,True,False
68012,0.33,-0.1686,0.52201,False,False,False
68414,0.19,-0.05994,0.35773,False,False,False
67226,0.17,0.02787,0.21873,False,False,False
65820,0.25,0.01116,0.14573,False,True,False
67128,0.0528,0.05519,0.08516,False,True,False
67321,0.5,-0.02357,0.21003,False,False,False
67421,0.1002,0.04467,0.10934,False,True,False
68059,0.39,0.06145,0.08618,False,True,False
66867,0.075,-0.04382,0.33085,False,False,False
67567,0.08,0.0065,0.18924,False,True,False
67767,0.09,0.02486,0.16234,False,True,False
67837,0.0265,0.0394,0.12586,False,True,False
67868,0.1025,0.04301,0.18668,False,True,False
68141,0.105,0.02372,0.14657,False,True,False
68736,0.1,0.07497,0.08761,False,True,False
66975,0.0544,0.06016,0.08164,False,True,False
67140,0.035,0.07415,0.10286,False,True,False
67240,0.042,0.04433,0.12801,False,True,False
67450,0.042,0.05881,0.03361,False,True,False
67516,0.0225,0.03961,0.14598,False,True,False
68091,0.06,0.07206,0.0934,False,True,False
68954,0.16,0.04176,0.16253,False,True,False
68598,0.19,0.05222,0.17632,False,True,False
65591,0.2,0.03623,0.08438,False,True,False
69103,0.03,0.06439,0.11411,False,True,False
68196,0.04,0.01159,0.18529,False,True,False
62103,5.48,-0.21228,0.57405,False,False,False
68079,0.02,0.0113,0.199,False,True,False
68352,0.56,0.02269,0.21229,False,False,False
68593,0.23,-0.00591,0.25638,False,False,False
70161,0.106,0.04301,0.18668,False,True,False
67419,0.31,0.01351,0.22615,False,False,False
68682,0.02,0.0408,0.10558,False,True,False
68849,0.16,-0.01084,0.24713,False,False,False
68989,0.34,0.04339,0.12605,False,True,False
69031,0.02,0.02688,0.24306,False,False,False
69134,0.49,-0.1615,0.53264,False,False,False
69145,0.02,0.06708,0.08833,False,True,False
68498,0.3,0.0192,0.18615,False,True,False
70467,0.14,0.00311,0.23288,False,False,False
70427,9.4,-0.06147,0.34235,False,False,False
67346,0.6,0.03093,0.14198,False,True,False
68739,0.07,-0.00308,0.26198,False,False,False
