site_reference,name_address,hectares,planning_status,lon,lat
53413,"Land at Trentham Lakes, Stanley Matthews Way, Stoke-on-Trent",13.5,permissioned,-2.1736259999999996,52.974248
55286,"Wedgwood Estate (Employment), Wedgwood Drive, Trentham, Stoke-on-Trent, ST12 9ER",11.77,permissioned,-2.167764,52.95508499999999
70427,"Staffordshire University, Land off Lordship Lane, Stoke-on-Trent, ST4 2YJ",9.4,permissioned,-2.1741689999999996,53.00632499999998
351,"Land between Huntilee Road and Scotia Road, Scotia Road, Tunstall",9.2,not-permissioned,-2.198761999999999,53.055079
172,"Edensor Technology School, Edensor Road, Longton",8.91,not-permissioned,-2.143378,52.985046
52839,"North Staffordshire Royal Infirmary, Princes Road, Hartshill, Stoke-on-Trent, ST4 7LN",8.75,not-permissioned,-2.199746,53.006356999999994
58877,"Former Bucknall Hospital site, Eaves Lane, Stoke-on-Trent, ST2 8LD",8.75,permissioned,-2.1355860000000004,53.028684
67351,"Mitchell High School, Bucknall, Stoke on Trent, ST2 9EY.",8.55,not-permissioned,-2.1297099999999993,53.021666
415,"Mitchell High School, Bucknall, Stoke on Trent, ST2 9EY.",8.55,pending-decision,-2.1297099999999993,53.021666
132,"Berry Hill High School and Sports College, Bucknall, Stoke on Trent, ST2 9LR",7.88,not-permissioned,-2.142574,53.014454
61254,"Former Victoria Ground, Off Boothen Old Road, Stoke-on-Trent",6.71,permissioned,-2.181703,52.998687999999994
436,"Hinde Street, Hanley",5.8,not-permissioned,-2.1791569999999996,53.019264
442,"Cobridge Road, Etruria",5.64,not-permissioned,-2.1818639999999996,53.0295
62103,"Former Century Oils Site, Century Street / York Street / Waterloo Road, Hanley, Stoke-on-Trent",5.48,not-permissioned,-2.1818639999999996,53.0295
555,"Canal Lane, Tunstall, Stoke-on-Trent, ST6 4PQ",5.37,not-permissioned,-2.212138000000001,53.05092799999999
0152,"Eastwood Road, Hanley",4.74,permissioned,-2.1698620000000006,53.019731
61804,"Land between Lichfield Street and Eastwood Road, Hanley, Stoke-on-Trent",4.74,permissioned,-2.1698620000000006,53.019731
63695,"Royal Doulton, Nile Street, Burslem",4.67,permissioned,-2.1923610000000013,53.04494199999999
428,"Royal Doulton, Nile Street, Burslem",4.67,not-permissioned,-2.1923610000000013,53.04494199999999
60432,"Former Churchill Pottery, off Waterloo Road, Hanley, Stoke on Trent",4.62,permissioned,-2.1832840000000004,53.034666
59600,"Former Dyson Thermal Technologies, Shelton New Road, Hartshill, Stoke-on-Trent, ST4 6EP",4.57,permissioned,-2.203264,53.012433999999985
0512,"Spode Works (residential element but full site area shown), Elenora Street, Stoke",4.07,not-permissioned,-2.184395,53.00518099999999
512,"Spode Works (residential element but full site area shown), Elenora Street, Stoke",4.07,not-permissioned,-2.184395,53.00518099999999
53237,"Former Trent Bathrooms, Leek Road, Hanley",3.9,permissioned,-2.1665090000000014,53.02033999999998
60831,"Former Dyson Thermal Technologies, Shelton New Road, Hartshill, Stoke-on-Trent, ST4 6EP",3.78,permissioned,-2.2032670000000003,53.012435
494,"School, Wellfield Road, Bentilee",3.59,not-permissioned,-2.133097,53.014825
0494,"School, Wellfield Road, Bentilee",3.59,not-permissioned,-2.133097,53.014825
0238,"Former Tuscan Works,Anchor Road,Longton,Stoke on Trent,ST3 1LL",3.08,not-permissioned,-2.129134,52.99128199999999
142,"California Business Park (employment element but full site area shown), Whieldon Road, Stoke",2.95,not-permissioned,-2.1805579999999996,52.994499999999995
0142,"California Business Park (employment element but full site area shown), Whieldon Road, Stoke",2.95,not-permissioned,-2.1805579999999996,52.994499999999995
0153,City Waterside,2.91,permissioned,-2.165912,53.023097
58689,City Waterside,2.91,permissioned,-2.165912,53.023097
159,"Cockshott Sidings, Shelton New Road, Cliffe Vale",2.9,not-permissioned,-2.1916000000000007,53.01381899999998
51841,"Land at, Central Outpatients/Central Pathology Laboratory, Thornburrow Drive Drive Hartshill Stoke-on-Trent",2.36,not-permissioned,-2.2065979999999996,53.007372999999994
294,"Land at, Bournes Bank and Woodbank Street, Burslem, Stoke on Trent",2.24,permissioned,-2.1971310000000006,53.043532
62102,"Land at Pyenest Street, Shelton, Stoke-on-Trent",2.15,not-permissioned,-2.1860009999999996,53.016351
0196,"Former Blythe and Sutherland Works,Sutherland Road, Longton",2.04,not-permissioned,-2.1258250000000003,52.985417
59223,"Minton Hollins (land) (employment), Shelton Old Road, Stoke",2.01,permissioned,-2.1878099999999994,53.009047
856,Foley Pottery,2.0,not-permissioned,-2.142758,52.992083
0201,"Former Co-op Bakery Site, Newport Lane, Middleport, Stoke-on-Trent",1.98,not-permissioned,-2.202516000000001,53.037536
65020,"Land at Former St. Peters High School, Queen''s Road, Hartshill, Stoke-on-Trent, ST4 7LH",1.98,permissioned,-2.201731000000001,53.003692
65451,"Former Co-op Bakery Site, Newport Lane, Middleport. Stoke-on-Trent",1.98,permissioned,-2.202516000000001,53.037536
201,"Former Co-op Bakery Site, Newport Lane, Middleport. Stoke-on-Trent",1.98,permissioned,-2.202516000000001,53.037536
0515,"St Peters High School, Queens Road, Penkhull",1.98,not-permissioned,-2.201731000000001,53.003692
59042,"Land at Former St. Peters High School, Queen's Road, Hartshill, Stoke-on-Trent, ST4 7LH",1.98,permissioned,-2.201731000000001,53.003692
238,"Former Tuscan Works, Anchor Road, Longton, Stoke on Trent ST3 1LL",1.94,pending-decision,-2.129134,52.99128199999999
66321,"Former Tuscan Works, Anchor Road, Longton, Stoke on Trent ST3 1LL",1.94,permissioned,-2.129134,52.99128199999999
63966,"Land at junction of Newport Lane and Furlong Lane, Burslem, Stoke-on-Trent",1.86,permissioned,-2.205128999999999,53.04211299999999
310,"Land at, junction of Newport Lane and Furlong Lane, Burslem Stoke-on-Trent",1.86,not-permissioned,-2.20513,53.04211300000001
0310,"Land at, junction of Newport Lane and Furlong Lane, Burslem Stoke-on-Trent",1.86,not-permissioned,-2.20513,53.04211300000001
53931,"Land at, junction of Newport Lane and Furlong Lane, Burslem Stoke-on-Trent",1.86,permissioned,-2.20513,53.04211300000001
0487,"Squires View, Shelton",1.85,not-permissioned,-2.1767480000000003,53.006297999999994
487,"Squires View, Shelton",1.85,not-permissioned,-2.1767480000000003,53.006297999999994
0483,"Johnson Matthey, Joiners Square",1.81,not-permissioned,-2.1704070000000004,53.01622599999999
44864,"Former Eagle Pottery, Ivy House Road",1.74,permissioned,-2.1622269999999997,53.02300300000001
48119,"Edinburgh House, YMCA, Harding Road, Hanley",1.51,permissioned,-2.1746050000000006,53.01787199999999
540,"Wade Factory, Hall Street, Burslem",1.43,not-permissioned,-2.2020920000000004,53.04616
311,"Land at, Junction of Park Hall Road and Anchor Road, Aderley Green, Stoke-on-Trent",1.41,not-permissioned,-2.1195470000000003,53.00000899999999
65663,"Land at, Junction of Park Hall Road and Anchor Road, Aderley Green, Stoke-on-Trent",1.41,permissioned,-2.1195470000000003,53.00000899999999
334,"Land at, Wilson Road, Hanford",1.36,not-permissioned,-2.190575,52.980875
62680,"Land at, Wilson Road, Hanford",1.36,permissioned,-2.190575,52.980875
59772,"Land at Bucknall New Road, Hanley, Stoke-on-Trent",1.32,permissioned,-2.1662049999999997,53.02470499999999
63095,"Former Workshops for the Blind, City Road, Fenton, Stoke-on-Trent ST4 2PL",1.31,permissioned,-2.1666339999999997,53.00059799999999
61688,"Land at Bucknall New Road, Hanley, Stoke-on-Trent",1.3,permissioned,-2.1662049999999997,53.02470499999999
56426,"E M R, Parkhall Works, Parkhall Road, Stoke-on-Trent, ST3 5AX",1.3,permissioned,-2.115705000000001,52.996208999999986
55314,"Former St Dominic's School, Hartshill Road, Stoke-on-Trent, ST4 7LY",1.28,permissioned,-2.1955130000000014,53.009415
60507,"Former St Dominic's School, Hartshill Road, Stoke-on-Trent, ST4 7LY",1.28,permissioned,-2.1955130000000014,53.009415
0704,"Land between Duncalf Street and Dain Street, Burslem",1.27,not-permissioned,-2.2036210000000005,53.042636
860,"Regent Works, Lawley Street, Stoke-on-Trent, ST3 1LZ",1.23,not-permissioned,-2.123427999999999,52.98468400000001
878,"Parkhall Works, Parkhall Road",1.22,not-permissioned,-2.115828,52.99620899999999
373,"Land off, Hawkins Street, Fenton",1.22,not-permissioned,-2.1715050000000002,52.998538
0160,"College land, Moorland Road, Burslem",1.22,not-permissioned,-2.1830510000000003,53.047202999999996
0373,"Land off, Hawkins Street, Fenton",1.22,not-permissioned,-2.1715050000000002,52.998538
0438,"Botteslow Street, Hanley",1.2,not-permissioned,-2.1643690000000007,53.020777
438,"Botteslow Street, Hanley",1.2,not-permissioned,-2.1643690000000007,53.020777
326,"Land at, Spa Street, Cobridge, Stoke on Trent, ST6 2LN",1.18,not-permissioned,-2.1784759999999994,53.04009899999999
678,"Wedgwood Hotelware Car Park, Forrister Street",1.14,not-permissioned,-2.127557,52.99098099999999
0469,"Potterycrafts Premises,Campbell Road,Stoke on Trent,Staffs. ST4 4ET",1.1,not-permissioned,-2.1859900000000003,52.99671699999999
469,"Potterycrafts Premises Campbell Road, Stoke on Trent Staffs. ST4 4ET",1.1,not-permissioned,-2.1859900000000003,52.99671699999999
61450,"Stoke-on-Trent, College Road",1.1,permissioned,-2.179781999999999,53.014976000000004
0245,"Heathfield Special School, Chell Heath Road, Chell Heath, Stoke on Trent, ST6 6PD",1.08,not-permissioned,-2.1799909999999993,53.067349
64571,"Heathfield Special School, Chell Heath Road, Chell Heath, Stoke on Trent, ST6 6PD",1.08,permissioned,-2.1799909999999993,53.067349
245,"Heathfield Special School, Chell Heath Road, Chell Heath, Stoke on Trent, ST6 6PD",1.08,not-permissioned,-2.1799909999999993,53.067349
0481,"Newlands Street, Shelton",1.05,permissioned,-2.1853020000000005,53.011313
0838,"Stoke-on-Trent, College Road",1.04,permissioned,-2.1797590000000002,53.014993
0216,"Former Marychurch CE Primary School, Piggott Grove, Stoke on Trent, ST2 9BZ",1.04,not-permissioned,-2.1441340000000007,53.023919
187,"Foley Goods Yard, Bute Street, Fenton",1.0,not-permissioned,-2.1450919999999996,52.99259700000001
0187,"Foley Goods Yard, Bute Street, Fenton",1.0,not-permissioned,-2.1450919999999996,52.99259700000001
58335,"Shelton Pool, Simon Place, Shelton, Stoke on Trent, ST4 2DD and adjacent Shelton Day Centre, Cemetery Road, Shelton, Stoke on Trent, ST4 2DL",0.94,permissioned,-2.1856079999999998,53.014696
66398,"Land comprising and to the rear of former Meir Sport and Social Club, Weston Road, Stoke-on-Trent",0.94,permissioned,-2.101952000000001,52.982929
61710,"Land at Broad Street / Potteries Way, Hanley, Stoke-on-Trent",0.92,permissioned,-2.179537999999999,53.022087
0137,"Broadway House, Broadway, Meir",0.92,not-permissioned,-2.1029710000000006,52.98297199999999
137,"Broadway House, Broadway Meir",0.92,not-permissioned,-2.1029710000000006,52.98297199999999
56967,"Land at, Furlong Road, Tunstall, Stoke-on-Trent",0.91,permissioned,-2.2038689999999996,53.064107
304,"Land at, Furlong Road, Tunstall, Stoke-on-Trent",0.91,not-permissioned,-2.2038689999999996,53.064107
0304,"Land at, Furlong Road, Tunstall, Stoke-on-Trent",0.91,not-permissioned,-2.2038689999999996,53.064107
0410,"Melville Street/Wooliscroft Factory, Berryhill and Hanley East, Stoke on Trent, Staffordshire,ST1 3LY",0.89,not-permissioned,-2.163709,53.02166400000001
60951,"Shelton Pool, Simon Place, Shelton, Stoke on Trent, ST4 2DD and adjacent Shelton Day Centre, Cemetery Road, Shelton, Stoke on Trent ST4 2DL",0.89,permissioned,-2.1856079999999998,53.014696
850,"Land at, Daisy Bank Road, Norton",0.88,not-permissioned,-2.1618519999999997,53.04897499999999
0220,"Former Parkside Residential Home, Weston Coyney Road, Stoke on Trent, and Training & Development Centre",0.87,not-permissioned,-2.1077310000000002,52.989273999999995
220,"Former Parkside Residential Home. Weston Coyney Road, Stoke on Trent, and Training & Development Centre",0.87,not-permissioned,-2.1077310000000002,52.989273999999995
66228,"Former Parkside Residential Home, Weston Coyney Road, Weston Coyney, Stoke-on-Trent, ST3 6ES",0.85,permissioned,-2.1077380000000003,52.989274
0370,"Land off, Baron Street, Fenton",0.85,not-permissioned,-2.147767,52.993536999999996
370,"Land off, Baron Street, Fenton",0.85,not-permissioned,-2.147767,52.993536999999996
767,"Coronation Avenue Development Land, off Heathcote Road, Longton",0.78,not-permissioned,-2.1400489999999994,52.986794
0484,"Well Street, Hanley",0.77,not-permissioned,-2.169838,53.02271499999999
0549,"Works, Commercial Road, Hanley",0.76,not-permissioned,-2.1661809999999995,53.022191
549,"Works, Commercial Road, Hanley",0.76,not-permissioned,-2.1661809999999995,53.022191
66795,"Land at Robert Knox Way, Hartshill, Stoke-on-Trent",0.74,permissioned,-2.204955,53.01302599999999
54289,"Former Simpsons Pottery, Grange Street, Cobridge, Stoke-on-Trent, ST62JT",0.72,permissioned,-2.1877019999999994,53.03654599999999
61755,"New Lodge, Trent Valley Road, Oakhill, Stoke-on-Trent, ST4 5LG",0.7,permissioned,-2.197885999999999,52.991528
0774,"Development Land at Bengry Road, Longton",0.69,not-permissioned,-2.117402,52.981362
774,"Development Land at Bengry Road, Longton",0.69,not-permissioned,-2.117402,52.981362
506,"Site of Penkhull Farm, Garden Street, Penkhull, ST4 5DY",0.63,pending-decision,-2.1983200000000007,53.00017900000001
0506,"Site of Penkhull Farm, Garden Street, Penkhull, ST4 5DY",0.63,permissioned,-2.1983200000000007,53.00017900000001
56801,"Former Falcon Works, Sturgess Street, Stoke-on-Trent ST4 7QH",0.62,not-permissioned,-2.1894070000000005,53.001639000000004
60035,"Goldenhill Working Mens Club, Kidsgrove Road, Goldenhill, Stoke-on-Trent, ST6 5SH",0.62,permissioned,-2.2221640000000003,53.078821
60894,"Land at Shearer Street and Bedford Road, Shelton, Stoke-on-Trent",0.61,permissioned,-2.1870330000000004,53.01726299999999
67346,"Goods Yard, Glebe Street, Stoke-on-Trent, ST4 1HG",0.6,permissioned,-2.1803550000000005,53.006576
840,"Swift House, Glebe Street, Stoke",0.58,permissioned,-2.180301,53.006561999999995
0840,"Swift House, Glebe Street, Stoke",0.58,not-permissioned,-2.180301,53.006561999999995
63096,"Former Fenton Local Centre and car park, Baker Street, Fenton, Stoke-on-Trent ST4 3AF",0.56,permissioned,-2.163761000000001,52.998966
68352,"Land at Godwin Way, Trent Vale, Stoke-on-Trent",0.56,permissioned,-2.208175000000001,52.99774299999999
66289,"Land at Godwin Way, Trent Vale, Stoke-on-Trent",0.55,permissioned,-2.208175000000001,52.99774299999999
706,"Car Parks at Woodbank Street, Burslem",0.55,permissioned,-2.1985840000000008,53.04307300000001
0706,"Car Parks at Woodbank Street, Burslem",0.55,not-permissioned,-2.1985840000000008,53.04307300000001
743,"Stoke Car Park and Depot, Booth Street, Stoke",0.54,not-permissioned,-2.1863660000000014,53.000096
60994,"Queen Elizabeth II Court, Temple Street, Fenton, Stoke-on-Trent",0.54,permissioned,-2.1677979999999994,52.99898699999999
64303,"Unit 1, Kendrick Street, Longton, Stoke on Trent, ST3 1JF",0.51,not-permissioned,-2.122870000000001,52.98637199999999
67321,"Land to North East of Bellerton Lane, Norton, Stoke-on-Trent, ST6 8ED",0.5,permissioned,-2.1607910000000006,53.055477999999994
222,"Former pottery, Parsonage Street, Tunstall",0.49,not-permissioned,-2.2139470000000006,53.063197
69134,"597 Leek New Road, Stoke-on-Trent, ST1 6EH",0.49,permissioned,-2.1650270000000007,53.04720199999999
0222,"Former pottery, Parsonage Street, Tunstall",0.49,not-permissioned,-2.2139470000000006,53.063197
64851,"Former Stoke Police Station, Boothen Road, Stoke, Stoke-on-trent, ST4 4AH",0.47,permissioned,-2.1843059999999994,53.001781
51283,"Land off Westport Road, Hall Street & Pack Horse Lane, Burslem Stoke-on-Trent, ST6 4BB",0.47,not-permissioned,-2.2008090000000005,53.04548499999999
60777,"Former Tunstall Health Centre, Dunning Street, Tunstall, Stoke On Trent, ST6 5AP",0.47,not-permissioned,-2.2124539999999997,53.060129
55794,"Former Tunstall Health Centre, Dunning Street, Tunstall, Stoke On Trent, ST6 5AP",0.47,permissioned,-2.2124539999999997,53.060129
61905,"Trentwood Timber Supplies Ltd, Junction of Stoke Old Road and s, Stoke-on-Trent,ST4 6HD",0.47,not-permissioned,-2.210662000000001,53.01134900000001
0364,"Land off, Lichfield Street, Hanley",0.44,not-permissioned,-2.1712040000000004,53.017705
364,"Land off, Lichfield Street, Hanley",0.44,not-permissioned,-2.1712040000000004,53.017705
63216,"Portland House, Portland Street, Hanley, Stoke-on-Trent, ST1 5NG",0.43,permissioned,-2.1840329999999994,53.029981
61641,"Abbots House, 103 Abbots Road, Abbey Hulton, Stoke-on-Trent, ST2 8DU",0.42,permissioned,-2.1375910000000005,53.038461
58702,"Land at the former Edith Beddow Residential Home, Turnberry Drive, Trentham, Stoke-on-Trent",0.42,permissioned,-2.196152,52.973962
58748,"Land adjacent 52 Glebedale Road, Fenton, Stoke on Trent, ST4 3AQ",0.42,permissioned,-2.1617679999999995,52.998276
58372,"Land to side and rear of London House, London Road, Stoke-on-Trent",0.41,permissioned,-2.1871680000000002,53.002971
59219,"Site at Former Irish Club, 27 North Street, Stoke On Trent, ST4 7DQ",0.4,permissioned,-2.1888750000000003,53.00847499999999
68059,"Hanley Police Station, Bethesda Street, Hanley, Stoke-on-Trent, ST1 3DE",0.39,permissioned,-2.176973,53.025099000000004
468,"Pottery, Sutherland Road, Longton",0.38,not-permissioned,-2.1259550000000003,52.98659399999998
0468,"Pottery, Sutherland Road, Longton",0.38,not-permissioned,-2.1259550000000003,52.98659399999998
68096,"Snow's Garage, 706 Leek Road, Stoke-On-Trent, ST1 3NP",0.36,permissioned,-2.159334,53.02079299999999
63129,"Land at Norfolk Street, Norfolk Street, Shelton, Stoke on Trent",0.36,permissioned,-2.1821549999999994,53.01558200000001
58660,"Land Adjacent 13 Beadnell Grove, Dresden, Stoke on Trent",0.36,permissioned,-2.1335420000000007,52.977466
57831,"Land at, Norfolk Street, Norfolk Street, Shelton, Stoke on Trent",0.36,permissioned,-2.1821549999999994,53.01558200000001
62726,"Snow''s Garage, 706 Leek Road, Stoke-On-Trent, ST1 3NP",0.36,permissioned,-2.159334,53.02079299999999
64044,"Land at Norfolk Street, Norfolk Street, Shelton, Stoke on Trent",0.36,permissioned,-2.1821549999999994,53.01558200000001
65959,"560 Lightwood Road, Lightwood, Stoke-on-Trent, ST3 7EH",0.35,permissioned,-2.1174830000000004,52.970932999999995
68989,"Former Brindleys Lock, Silverstone Crescent, Packmoor, Stoke-on-Trent, ST6 6XA",0.34,permissioned,-2.201782,53.07912899999999
63168,"Swallows Nest, Ufton Close, Blurton, Stoke-on-Trent, ST3 3NQ",0.34,permissioned,-2.1570800000000006,52.96635299999999
61822,"Swallows Nest, Ufton Close, Blurton, Stoke-on-Trent, ST3 3NQ",0.34,permissioned,-2.1570799999999997,52.966355
0844,"Land at Smithfield, Hanley",0.34,not-permissioned,-2.179428000000001,53.022316000000004
62728,"Former Florence County Primary School, St Clair Street, Florence, Stoke-on-Trent, ST3 4NH",0.33,permissioned,-2.1307059999999995,52.980199000000006
64444,"Panorama. Gravelly Bank, Lightwood, Stoke-on-Trent, ST3 7EG",0.33,permissioned,-2.1114559999999996,52.96808999999999
59852,"Trent Country Club, Birches Head Road, Birches Head, Stoke-on-Trent, ST2 8DD",0.33,not-permissioned,-2.1467370000000003,53.040343
55692,"Bird In Hand, 942 London Road, Stoke On Trent, ST4 5NX",0.33,permissioned,-2.202111,52.986826
68012,"Panorama. Gravelly Bank, Lightwood, Stoke-on-Trent, ST3 7EG",0.33,permissioned,-2.1114559999999996,52.96808999999999
57947,"Smallthorne Workingmen's Club, Chetwynd Street, Smallthorne, Stoke On Trent, ST6 1PP",0.32,permissioned,-2.1697440000000006,53.05366699999999
0773,"Car Park adjacent Warren Street, Longton",0.32,not-permissioned,-2.1284299999999994,52.98399299999999
0363,"Land off, Leek Road, Northwood, ST1 6AT",0.31,permissioned,-2.1535980000000015,53.02537699999999
56109,"Former Queens Hotel, 489 Etruria Road, Hanley, Stoke-on-Trent. ST4 6JJ",0.31,permissioned,-2.2062380000000013,53.01738699999999
61283,"Land off, Leek Road, Northwood, ST1 6AT",0.31,not-permissioned,-2.1535980000000015,53.02537699999999
67419,"Land rear of the former Norton Arms, Endon Road, Norton-in-the-Moors, Stoke-on-Trent",0.31,permissioned,-2.1606270000000003,53.06340699999999
59587,"Former Queens Hotel, 489 Etruria Road, Hanley, Stoke-on-Trent. ST4 6JJ",0.31,permissioned,-2.2062380000000013,53.01738699999999
68498,"Crown Works, The Strand, Longton, Stoke-on-Trent",0.3,permissioned,-2.135062000000001,52.98630299999999
58728,"Land at Chetwynd Street, Smallthorne, Stoke-on-Trent, ST6 1PP",0.3,permissioned,-2.1692460000000002,53.053288
62171,"Former Gilberts Furniture Store, Shelton New Road, Stoke-on-Trent ST4 6DS",0.29,permissioned,-2.210998,53.012067
62711,"Land at Sneyd Street, Stoke-On-Trent, ST6 2NS",0.28,permissioned,-2.176647,53.037887999999995
65929,"Former Gilberts Furniture Store, Shelton New Road, Stoke-on-Trent ST4 6DS",0.28,permissioned,-2.210998,53.012067
66416,"Land off Wellesley Street, adjacent to Wellesley House., Wellesley Street, Shelton, Stoke-on-Trent, ST1 4NF",0.28,permissioned,-2.1811550000000004,53.016987
333,"Land at, Vernon Road, Stoke-on-Trent, ST4 2TP",0.28,not-permissioned,-2.186137,53.010027
60680,"Keele Street, Tunstall, Stoke on Trent, ST6 5AR.",0.28,permissioned,-2.2121579999999996,53.061357
0333,"Land at, Vernon Road, Stoke-on-Trent, ST4 2TP",0.28,not-permissioned,-2.186137,53.010027
0256,"Keele Street, Tunstall, Stoke on Trent, ST6 5AR.",0.28,not-permissioned,-2.2121579999999996,53.061357
186,"Ford Green House, Ford Green Road, Smallthorne",0.27,not-permissioned,-2.1668609999999995,53.055223999999995
0186,"Ford Green House, Ford Green Road, Smallthorne",0.27,not-permissioned,-2.1668609999999995,53.055223999999995
0770,"Commerce Street Car Park, Longton",0.27,not-permissioned,-2.133468,52.98672599999999
60965,"Lightwood Tavern, 581 Lightwood Road, Lightwood, Stoke-",0.27,permissioned,-2.114911000000001,52.970485000000004
62106,"Lightwood Tavern, 581 Lightwood Road, Lightwood, Stoke-on-Trent",0.27,permissioned,-2.1149119999999995,52.970483
58896,"Chris Shenton Engineering Ltd, Rear of 30 Wilson Road, Hanford, Stoke-on-Trent, ST4 4QQ",0.26,not-permissioned,-2.1968570000000005,52.97626399999999
63849,"Land to the rear of No 521, Leek New Road, Sneyd Green, Stoke-on-Trent, ST1 6EH",0.26,permissioned,-2.1667530000000004,53.046487
60629,"Site of former Trentham Library, Trentley Road, Trentham, Stoke-on-Trent, ST4 8PH",0.25,permissioned,-2.1952990000000008,52.96934999999999
0734,"Hope Street Car Park, Hanley",0.25,not-permissioned,-2.1788869999999996,53.028851
65820,"122, Broad Street, Hanley, Stoke-On-Trent, ST1 4EQ",0.25,permissioned,-2.181874,53.020623999999984
62496,"Site of former Trentham Library, Trentley Road, Trentham, Stoke-on-Trent, ST4 8PH",0.25,permissioned,-2.195298,52.96935
56478,"Hollybank House, Hollybank Crescent, Stoke-on-Trent, ST4 5AR",0.25,permissioned,-2.1946670000000004,52.993913000000006
734,"Hope Street Car Park, Hanley",0.25,not-permissioned,-2.1788869999999996,53.028851
58571,"Ubberley Working Mens Club, Ubberley Road, Bucknall, Stoke-on-Trent, ST2 0EF",0.24,permissioned,-2.131737,53.01694
66000,"Ubberley Working Mens Club, Ubberley Road, Bucknall, Stoke-on-Trent, ST2 0EF",0.24,not-permissioned,-2.131737,53.01694
58354,"Former Stanfield Nursery School, Dollys Lane, Burslem, Stoke-on-Trent, ST6 7AW",0.24,not-permissioned,-2.1919400000000007,53.054658999999994
65860,"Haulage Yard, Stanway Avenue. Sneyd Green, ST6 2LP",0.23,permissioned,-2.1779630000000005,53.040918000000005
63564,"Land to the rear of 400 King Street, Stoke-on-Trent, ST4 3DB",0.23,not-permissioned,-2.143918,52.99277899999999
66347,"The Jester, Biddulph Road, Chell, Stoke-on-Trent, ST6 6TR",0.23,permissioned,-2.1855680000000004,53.078616
63108,"Land off Pembridge Road, Blurton, Stoke-on-Trent, ST3 3BU",0.23,permissioned,-2.157619,52.97050999999999
68593,"The Jester, Biddulph Road, Chell, Stoke-on-Trent, ST6 6TR",0.23,permissioned,-2.1855680000000004,53.078616
62528,"Queen of Hearts, Lillydale Road, Bucknall, Stoke-on-Trent",0.22,permissioned,-2.135013999999999,53.022468
61440,"Meir Health Centre, Saracen Way, Meir, Stoke-on-Trent, ST3 7DS",0.22,permissioned,-2.1037129999999995,52.97703099999999
62020,"Former Foxley Works, Redhills Road, Milton, Stoke-on-Trent, ST2 7PE",0.22,permissioned,-2.1516889999999993,53.04502600000001
64665,"Land and buildings to the north of Glass Street/South of Hillchurch Street, Hanley, Stoke on Trent",0.22,not-permissioned,-2.1736850000000008,53.027637
63206,"Ford Green House, Ford Green Road, Smallthorne, Stoke-on-Trent, ST6 8EA",0.22,not-permissioned,-2.1668350000000003,53.055251
57407,"338 Weston Road, Weston Coyney, Stoke On Trent, ST3 6EZ",0.22,permissioned,-2.1006740000000006,52.98955999999998
59187,"Meir Health Centre, Saracen Way, Meir, Stoke-on-Trent, ST3 7DS",0.22,permissioned,-2.1037129999999995,52.97703099999999
58037,"Former Foxley Works, Redhills Road, Milton, Stoke-on-Trent, ST2 7PE",0.22,permissioned,-2.1516889999999993,53.04502600000001
58830,"The Limes Residential Home, Glebedale Road, Fenton, Stoke-on-Trent, ST4 3AP",0.21,permissioned,-2.1628140000000005,52.997718
58844,"Former St Chads Church, Scotia Road, Tunstall, Stoke-on-Trent, ST6 6EQ",0.21,permissioned,-2.203388000000001,53.055993
64573,"31- 49 Parliament Row and 55 Old Hall Street, Hanley, Stoke-on-Trent, ST1 1PW",0.2,not-permissioned,-2.1733780000000005,53.02534599999999
58939,"Land at rear of Greenfield Centre, Furlong Road, Tunstall, Stoke-on-Trent, ST6 5UP",0.2,not-permissioned,-2.211108999999999,53.064111
65591,"Former St Chads Church, Scotia Road, Tunstall, Stoke-on-Trent, ST6 6EQ",0.2,permissioned,-2.203388000000001,53.055993
68414,"Land north of 453 Newcastle Road, Trent Vale, Stoke-on-Trent, ST4 6PE",0.19,permissioned,-2.2132990000000006,52.99960899999999
59840,"66 Grove Road, Fenton, Stoke-on-Trent, ST4 3BB",0.19,permissioned,-2.1646319999999997,52.992152999999995
68598,"Hamil House, Hamil Road, Burslem, Stoke-on-Trent, ST6 1AQ",0.19,permissioned,-2.1939389999999994,53.047498999999995
64774,"Land north of 453 Newcastle Road, Trent Vale, Stoke-on-Trent, ST4 6PE",0.19,permissioned,-2.2132990000000006,52.99960899999999
58175,"Land between Newport Lane and Lucas Street, Burslem, Stoke-on-Trent, ST6 3PP",0.18,not-permissioned,-2.206186000000001,53.042808999999984
58965,"Former Joiners Square Primary School, Hazelhurst Street, Hanley, Stoke-on-Trent, ST1 3HF",0.18,permissioned,-2.167422,53.01867499999999
66451,"Land adjacent to 245 Brookwood Drive and MacDonald Crescent, Meir, Stoke-on-Trent",0.18,permissioned,-2.099459999999999,52.986087000000005
62731,"Former Blurton Railway site, off Church Road, Blurton, Stoke-on-Trent",0.17,permissioned,-2.150813,52.97807900000001
64827,"Former Working Mens Club, Oxford Road, Stoke-on-Trent, ST6 6QP",0.17,not-permissioned,-2.1849219999999994,53.075436
65553,"The Joker, Finstock Avenue, Blurton, Stoke-on-Trent, ST3 3JU",0.17,permissioned,-2.1566880000000004,52.972978999999995
67226,"The Joker, Finstock Avenue, Blurton, Stoke-on-Trent, ST3 3JU",0.17,permissioned,-2.1566880000000004,52.972978999999995
63462,"66 Grove Road, Fenton, Stoke-on-Trent, ST4 3BB",0.17,permissioned,-2.1646319999999997,52.992152999999995
63109,"Land off Fallowfield, Blurton, Stoke-on-Trent, ST3 3EH",0.16,permissioned,-2.1560010000000003,52.97292900000001
68954,"Lightwood Tavern, 581 Lightwood Road, Lightwood, Stoke-on-Trent",0.16,permissioned,-2.1149119999999995,52.970483
68849,"Knave of Clubs, 468 Chell Heath Road, Chell Heath, Stoke-on-Trent, ST6 6QD",0.16,permissioned,-2.1808849999999995,53.068753
61264,"Site of former St Dominics School, Hartshill Road, Hartshill, Stoke-on-Trent, ST4 7SJ 7LY",0.15,permissioned,-2.1947089999999996,53.008988
63292,"Former Station P.H. Stanton Road, Meir, Stoke-on-Trent, ST3 6DF",0.15,permissioned,-2.0988689999999997,52.977882
63110,"Land off Chamberlain Avenue, Stoke-on-Trent, ST4 5EQ",0.15,permissioned,-2.195268,53.000188
62172,"Land adjacent to 18 Summerbank Road, Tunstall, Stoke-on-Trent, ST6 5EY",0.15,not-permissioned,-2.216455,53.064914
61856,"19 - 27, Pall Mall, Hanley, Stoke-on-Trent, ST1 1EB",0.15,permissioned,-2.1781980000000005,53.024423000000006
64145,"19 - 27, Pall Mall, Hanley, Stoke-on-Trent, ST1 1EB",0.15,not-permissioned,-2.1781980000000005,53.024423000000006
67449,"Former Oak Tree, 907 London Road, Stoke-on-Trent, ST4 5NR",0.15,permissioned,-2.1977799999999994,52.99113199999999
65044,"Land at Registry Street, Stoke-on-Trent, ST4 1JP",0.15,permissioned,-2.184815999999999,53.007415
59350,"Former Station P.H., Stanton Road, Meir, Stoke-on-Trent, ST3 6DF",0.14,permissioned,-2.0988689999999997,52.977882
70467,"Abbey Hulton Clinic, Leek Road, Stoke-on-Trent, ST2 8BP",0.14,permissioned,-2.145168000000001,53.032621000000006
57932,"Former Methodist Church, Sandon Old Road, Meir, Stoke On Trent, ST3 7AB",0.14,permissioned,-2.106532,52.969723
66733,"The White Lion, 134 Honeywall, Stoke, Stoke-on-Trent, ST4 7HL",0.14,permissioned,-2.193458,53.003966999999996
60886,"Former Methodist Church, Sandon Old Road, Meir, Stoke On Trent, ST3 7AB",0.14,permissioned,-2.106532,52.969723
60371,"The Winchester, Winchester Avenue, Bucknall, Stoke-on-Trent, ST2 0LL",0.14,not-permissioned,-2.1220940000000006,53.01151999999999
64846,"Trent Vale Family Support Centre, Flash Lane, Trent Vale, Stoke-on-Trent, ST4 5QZ",0.14,permissioned,-2.202778000000001,52.988657999999994
62170,"Land to the rear of One Stop Supermarket, Sandon Road, Stoke on Trent",0.13,not-permissioned,-2.1069849999999994,52.974065
64276,"Land adjacent Bellringer P.H., Kettering Drive, Eaton Park, Stoke-on-Trent, ST2 9ND",0.13,permissioned,-2.1505360000000002,53.015551999999985
55181,"159 Lower Bryan Street, Stoke-on-Trent, ST1 5AT",0.13,permissioned,-2.1778329999999997,53.03062700000001
66713,"Land to the rear of One Stop Supermarket, Sandon Road, Stoke on Trent",0.13,permissioned,-2.1069849999999994,52.974065
64519,"Land at 56 - 68 Ainsworth Street, Mount Pleasant, Stoke-on-Trent, ST4 4JR",0.12,permissioned,-2.175622999999999,52.994181
58312,"Former Combined Healthcare NHS, Lower Bryan Street, Hanley, Stoke-on-Trent, ST1 5AT",0.12,permissioned,-2.1778329999999997,53.03062700000001
63079,"Land at 56 - 68 Ainsworth Street, Mount Pleasant, Stoke-on-Trent, ST4 4JR",0.12,permissioned,-2.1756219999999997,52.99418099999999
65177,"Junction of Sneyd Street/Furnival Street, Cobridge, Stoke-on-Trent, ST6 2PG",0.12,permissioned,-2.184385999999999,53.03650199999999
58468,"Former Nursing Home, 1 Ricardo Street, Longton, Stoke-on-Trent, ST3 4EU",0.12,permissioned,-2.137677000000001,52.97779899999999
55902,"Land at junction of Scotia Road, Greenhead Street and Overhouse Street, Burslem,",0.11,permissioned,-2.197813,53.047599999999996
61773,"Land at Bycars Road, Burslem, Stoke-on-Trent, ST6 1BY",0.11,not-permissioned,-2.1969530000000006,53.050324999999994
66964,"91-109 Waterloo Road, Stoke-on-Trent, ST6 3EX",0.11,permissioned,-2.1928229999999993,53.04186599999999
65593,"Haywood House, 160 Moorland Road, Burslem, Stoke-on-Trent, ST6 1EB",0.11,permissioned,-2.1888079999999994,53.04693399999999
62189,"The Meadows, Spode Works, Elenora Street, Stoke on Trent, ST4 1QD",0.11,permissioned,-2.1852660000000004,53.005419999999994
70161,"Land at Kimberley Street, Goms Mill, Stoke-on-Trent, ST3 2QY",0.106,permissioned,-2.1406460000000003,52.98124399999999
68141,"Land between 69-81 King Street, Fenton, Stoke-on-Trent, ST4 3LZ",0.105,permissioned,-2.155405000000001,52.997622
67868,"Land at Kimberley Street, Longton, Stoke-on-Trent, ST3 2QY",0.1025,permissioned,-2.1406460000000003,52.98124399999999
67421,"35 Stafford Street, Hanley, Stoke-on-Trent, ST1 1JU",0.1002,permissioned,-2.176243000000001,53.025099999999995
63624,"691 Dividy Road, Bentilee, Stoke-on-Trent, ST2 0AH",0.1,permissioned,-2.121021,53.00487100000001
63272,"Bird in Hand PH, 942 London Road, Stoke-on-Trent, ST4 5NX",0.1,permissioned,-2.202111,52.986826
60638,"First Floor, 2-8 Queen Street, Burslem, Stoke-on-Trent, ST6 3EF",0.1,not-permissioned,-2.196923,53.04502899999999
68736,"18-20 Queen Street, Burslem, Stoke-on-Trent,",0.1,permissioned,-2.1978330000000006,53.044797
64996,"The Coach House, 691 Dividy Road, Bentilee, Stoke-on-Trent, ST2 0AH",0.1,permissioned,-2.1210259999999996,53.00486999999999
56786,"Site of former ABRA Building Services Ltd, Mulgrave Street, Hanley, Stoke-on-Trent, ST1 5EP",0.09,permissioned,-2.184384000000001,53.03197599999999
57618,"Land to rear of 3 to 9 Dorcas Drive, Fenton, Stoke On Trent, ST3 2DP",0.09,permissioned,-2.1568529999999995,52.990159999999996
67767,"Land at Minshall Street, Fenton, Stoke-on-Trent",0.09,permissioned,-2.1756660000000005,52.99683
62955,"1 Marychurch Road, Bucknall, Stoke-on-Trent, ST2 9BJ",0.08,not-permissioned,-2.1435589999999998,53.02472399999999
67567,"Land at Godwin Way, Trent Vale, Stoke-on-Trent, ST4 6JP",0.08,permissioned,-2.2086980000000005,52.996966
66491,"Hollybush Inn, 1 Cardwell Street, Hanley, Stoke-on-Trent, ST1 6PL",0.08,permissioned,-2.1640509999999997,53.030070999999985
63896,"Land at Ratton Street, Hanley, Stoke-on-Trent, ST1 2HH",0.08,not-permissioned,-2.1709020000000003,53.02813499999999
66867,"Hillside Cottage, 82 Meir Road, Normacot, Stoke-on-Trent, ST3 7JB",0.075,permissioned,-2.114472,52.97901599999999
68739,"Land at School Street, Stoke-on-Trent",0.07,permissioned,-2.2034559999999996,52.987984999999995
62434,"Land adjacent 214 London Road and Club Street, Stoke-on-Trent ST4 5RH",0.07,permissioned,-2.1882000000000006,52.999847
62462,"41 -51, Queen Street, Burslem, Stoke On Trent, ST6 3EH",0.07,not-permissioned,-2.1979759999999993,53.04442900000001
60285,"1 Marychurch Road, Bucknall, Stoke-on-Trent, ST2 9BJ",0.07,permissioned,-2.1435589999999998,53.02472399999999
59462,"Webberley Limited, Percy Street, Hanley, Stoke-on-Trent, ST1 1NG",0.07,permissioned,-2.1743259999999998,53.02505599999999
64620,"Former Atlantic Motors Limited, Leek Road, Stoke-on-Trent, ST4 2BW",0.07,permissioned,-2.1770810000000003,53.008809
56463,"D & K Evans Ltd, Falcon View Buildings, 24 Sturgess Street, Stoke-on-Trent, ST4 7QH",0.07,permissioned,-2.1884799999999993,53.00218900000001
53087,"7-27 Newhall Street, Hanley, ST1 5HQ",0.07,permissioned,-2.178153,53.027001
60636,"Majestic Chambers, 24 Campbell Place, Stoke-on-Trent, ST4 1LX",0.06,permissioned,-2.185510999999999,53.003320999999985
56575,"56 Edensor Road, Longton, Stoke On Trent, ST3 2QE",0.06,permissioned,-2.1393789999999995,52.985524
68091,"12-16 Town Road, Hanley, Stoke-on-Trent, ST1 2JQ",0.06,permissioned,-2.1743140000000003,53.027412999999996
66420,"123-127 Church Street, Stoke, Stoke-on-Trent, ST4 1DB",0.06,permissioned,-2.1866499999999998,53.00448099999999
61889,"Coronation Court, Lonsdale Street, Stoke-on-Trent, BB4 4DR",0.06,permissioned,-2.1829320000000005,53.00132399999998
55621,"116-122 Waterloo Road, Burslem, Stoke-on-Trent, ST6 3HB",0.06,permissioned,-2.1929849999999993,53.041138
61735,"56 Edensor Road, Longton, Stoke On Trent, ST3 2QE",0.06,not-permissioned,-2.1393789999999995,52.985524
62023,"143 Uttoxeter Road, Stoke-on-Trent, ST3 1QQ",0.06,not-permissioned,-2.1264320000000003,52.984936999999995
66975,"32-38, Piccadilly, Hanley, Stoke-on-Trent, ST1 1EG",0.0544,permissioned,-2.1772859999999996,53.025045
67128,"Reliance House, Hamil Road, Burslem, Stoke-on-Trent, ST6 1DP",0.0528,permissioned,-2.1956019999999996,53.046266
65345,"Land at 31-33 Houghton Street, Hanley, Stoke On Trent, ST1 3BJ",0.05,not-permissioned,-2.1745350000000014,53.01861
65870,"165-169 High Street, Tunstall, Stoke-on-Trent, ST6 5EA",0.05,not-permissioned,-2.210779,53.059063
63348,"24 - 26 Glover Street, Hanley, Stoke-on-Trent, ST1 2LU",0.05,not-permissioned,-2.1679370000000002,53.033221999999995
59182,"Ringway House, Bryan Street, Hanley, Stoke-on-Trent, ST1 5AJ",0.05,not-permissioned,-2.177617999999999,53.029245
57805,"Land at 31-33 Houghton Street, Hanley, Stoke On Trent, ST1 3BJ",0.05,not-permissioned,-2.1745350000000014,53.01861
58658,"24 - 26 Glover Street, Hanley, Stoke-on-Trent, ST1 2LU",0.05,permissioned,-2.1679370000000002,53.033223
67599,"Methodist Church, Clewlow Place, Longton, Stoke-on-Trent, ST3 5DA",0.05,permissioned,-2.1281339999999997,52.995848
64239,"6, 8 and 10 Bagnall Street, Hanley, Stoke-On-Trent, ST1 3AD",0.05,permissioned,-2.175978000000001,53.023406
67240,"39 Albion Street, Hanley, Stoke-on-Trent, ST1 1QF",0.042,permissioned,-2.177309,53.023427000000005
67450,"Busy Bugs Nursery, Havelock Place, Shelton, Stoke-on-Trent, ST1 4PR",0.042,permissioned,-2.220048,53.06919
63231,"Hamil House, Hamil Road, Burslem, Stoke-on-Trent, ST6 1AQ",0.04,permissioned,-2.1939389999999994,53.047498999999995
60499,"Grosvenor Chambers, Foundry Street, Hanley, Stoke-on-Trent, ST1 5SY",0.04,permissioned,-2.177339000000001,53.026241999999996
56734,"43 Wesley Street & 46-52 Piccadilly Street, Tunstall, Stoke On Trent, ST6 5AE",0.04,permissioned,-2.211703,53.05788199999999
63145,"Lord John House, Waterloo Street, Hanley, Stoke-on-Trent, ST1 3PW",0.04,permissioned,-2.1694299999999997,53.022893
65329,"59 Gilman Street, Hanley, Stoke-on-Trent, ST1 3PL",0.04,not-permissioned,-2.170766000000001,53.024218999999995
62011,"Site at 5 - 15 Uttoxeter Road, Longton, Stoke-on-Trent ST3 1NX",0.04,not-permissioned,-2.132219,52.98742399999999
66203,"8-16 Stafford Street, Hanley, Stoke-on-Trent, ST1 1JQ",0.04,permissioned,-2.175093000000001,53.024653
62706,"6 Jasper Street, Hanley, Stoke-on-Trent, ST1 3DA",0.04,permissioned,-2.1737450000000003,53.021889
68196,"Cliffe Vale Inn, 26 Shelton Old Road, Stoke, Stoke-on-Trent, ST4 7RY",0.04,permissioned,-2.1870709999999995,53.008019
62965,"18 Haydon Street, Basford, Stoke-on-Trent, ST4 6JE",0.04,permissioned,-2.2079679999999997,53.01540899999999
61827,"Grosvenor Chambers, Foundry Street, Hanley, Stoke-on-Trent ST1 5SY",0.04,not-permissioned,-2.177339000000001,53.026241999999996
59601,"The Warehouse, Lower Foundry Street, Hanley, Stoke-on-Trent, ST1 5HF",0.04,permissioned,-2.178364,53.02656300000001
64814,"Former Red Gate Public House, 10 Russell Street, Longton, Stoke-on-Trent, ST3 4HQ",0.04,permissioned,-2.1365849999999997,52.97870999999999
63704,"Cliffe Vale Inn, 26 Shelton Old Road, Stoke, Stoke-on-Trent, ST4 7RY",0.04,permissioned,-2.1870709999999995,53.008019
60389,"Junction of Upper Hillchurch Street & Ratton Street, Hanley, Stoke-on-Trent, ST1 2BX",0.04,permissioned,-2.171627,53.028411999999996
60500,"Grosvenor Chambers, Foundry Street, Hanley, Stoke-on-Trent ST1 5SY",0.04,permissioned,-2.177339000000001,53.026241999999996
67140,"The Roebuck, Wedgwood Place, Burslem, Stoke-on-Trent, ST6 4ED",0.035,permissioned,-2.1978560000000007,53.046496
59519,"49 Mcgough Street, Tunstall, Stoke-on-Trent, ST6 5DJ",0.03,not-permissioned,-2.2116570000000007,53.05772599999999
63756,"Stafford House, Upper Clough Street, Hanley, Stoke-On-Trent, ST1 4AS",0.03,permissioned,-2.179832,53.024298999999985
58618,"17 Hill Street, Stoke-on-Trent, ST4 1NL",0.03,permissioned,-2.1869300000000007,53.004259999999995
60223,"Unit 2, Victoria House, Paxton Street, Hanley, Stoke-on-Trent, ST1 3SD",0.03,not-permissioned,-2.171589,53.01915399999999
60308,"Former Cheshire Cheese PH, Madison Street, Tunstall, Stoke-on-Trent ST6 5HS",0.03,permissioned,-2.211608000000001,53.062147999999986
64923,"44 Jasper Street, Hanley, Stoke-on-Trent, ST1 3DA",0.03,not-permissioned,-2.1752290000000003,53.021255999999994
65841,"7-11 Piccadilly, Hanley, Stoke-on-Trent, ST1 1DG",0.03,permissioned,-2.1763199999999996,53.02529200000001
63067,"Former Weston Coyney Arms, 331 Weston Coyney Road, Weston Coyney, Stoke-on-Trent, ST3 6ES",0.03,permissioned,-2.1063850000000004,52.98934599999999
69103,"49 Mcgough Street, Tunstall, Stoke-on-Trent, ST6 5DJ",0.03,permissioned,-2.2116570000000007,53.05772599999999
62072,"Prohibition House, Trinity Street, Hanley, Stoke-on-Trent, ST1 5LA",0.03,not-permissioned,-2.177250999999999,53.025958
65194,"12 Jasper Street, Hanley, Stoke-on-Trent, ST1 3DA",0.03,permissioned,-2.1740579999999996,53.021747
67837,"Land at corner of, Stoke Road and Cauldon Road, Stoke-on-Trent, ST4 2QW",0.0265,permissioned,-2.182824,53.012533
67516,"2 Wolseley Road, Oakhill, Stoke-on-Trent, ST4 5BL",0.0225,permissioned,-2.19681,52.990657000000006
60941,"17/19 Glebe Street, Stoke On Trent, ST4 1JG",0.02,permissioned,-2.182591999999999,53.00394300000001
68079,"15-27 Belgrave Road, Dresden, Stoke-on-Trent, ST3 4PP",0.02,permissioned,-2.1352460000000004,52.979625
62379,"Port Vale Football Club, Hamil Road, Burslem, Stoke-on-Trent ST6 1AJ",0.02,not-permissioned,-2.1914400000000005,53.049889999999984
60527,"Former Molly Lees Public House, Mountford Street, Burslem, Stoke-on-Trent, ST6 4EJ",0.02,permissioned,-2.195858999999999,53.04802899999999
65614,"54-56 Anchor Road, Adderley Green, Stoke-on-Trent, ST3 1LH",0.02,permissioned,-2.130452000000001,52.991078
68682,"2A Havelock Place & 2 Grove Place, Shelton, Stoke-on-Trent, ST1 4PR",0.02,permissioned,-2.1836089999999997,53.018401
65114,"15-27 Belgrave Road, Dresden, Stoke-on-Trent, ST3 4PP",0.02,permissioned,-2.1352460000000004,52.979625
59041,"59 Gilman Street, Hanley, Stoke-on-Trent, ST1 3PL",0.02,permissioned,-2.170766000000001,53.024218999999995
69031,"The White Hart, 13 Westport Road, Burslem, Stoke-on-Trent, ST6 4AH",0.02,permissioned,-2.200223,53.04553
68645,"130 High Street, Tunstall, Stoke-on-Trent, ST6 5XX",0.02,permissioned,-2.209908,53.058113
69145,"1A Ashford Street, Shelton, Stoke-on-Trent, ST4 2EH",0.02,permissioned,-2.183087,53.011328
65232,"Ye Olde Smithy, 54-56 Moorland Road, Burslem, Stoke-on-Trent, ST6 1DT",0.02,permissioned,-2.1941579999999994,53.04611299999999
63663,"130 High Street, Tunstall, Stoke-on-Trent, ST6 5XX",0.02,permissioned,-2.209908,53.058113
67179,"24-26 Stafford Street, Hanley, Stoke-on-Trent, ST1 1JQ",0.02,permissioned,-2.1754970000000005,53.02502899999999
57972,"17/19 Glebe Street, Stoke On Trent, ST4 1JG",0.02,permissioned,-2.182591999999999,53.00394300000001
59194,"193/195 Uttoxeter Road, Stoke-on-Trent, ST3 1QN",0.01,permissioned,-2.124703,52.984236
62377,"Grosvenor Chambers, Foundry Street, Hanley, Stoke-on-Trent, ST1 5HE",0.01,not-permissioned,-2.1773440000000006,53.02615199999999
